form	lemma	POS	morph
༄༅། །		PUNCT
རྡོ་རྗེ་	རྡོ་རྗེ་	NOUN
ཕག་མོ་	ཕག་མོ་	PROPN
འི་	གི་	PART
ས་ཆོག་	ས་ཆོག་	NOUN
བཞུགས་	བཞུགས་	VERB
སོ་	གོ་	PART
། །		PUNCT
སྟེགས་	སྟེགས་	NOUN
ཀྱི་	གི་	PART
ཁ་	ཁ་	PRON
ར་	ལ་	PART
ཤར་ལྷོ་	ཤར་ལྷོ་	NOUN
ན་	ནས་	PART
བཟུང་	བཟུང་	NO_POS
མཆོད་པ་	མཆོད་པ་	VERB
གཡོན་	གཡོན་	NOUN
བསྐོར་	བསྐོར་	VERB
བཤམས་	བཤམས་	NO_POS
། །		PUNCT
སློབ་དཔོན་	སློབ་དཔོན་	NOUN
ས་	ས་	ADP
སྟེགས་	སྟེགས་	NOUN
ཀྱི་	གི་	PART
ཤ་	ཤ་	VERB
དུ་	ལ་	PART
ཞལ་	ཞལ་	NOUN
ནུབ་	ནུབ་	ADV
ཏུ་	ལ་	PART
ཕྱོགས་པ་	ཕྱོགས་པ་	VERB
ས་	གིས་	PART
བཞུགས་	བཞུགས་	VERB
ལ་	ལ་	PART
།		PUNCT
བདག་ཉིད་	བདག་ཉིད་	NOUN
སྐད་ཅིག་	སྐད་ཅིག་	OTHER
གིས་	གིས་	PART
རྗེ་བཙུན་	རྗེ་བཙུན་	NOUN
རྡོ་རྗེ་	རྡོ་རྗེ་	NOUN
རྣལ་འབྱོར་	རྣལ་འབྱོར་	NOUN
མ་	མ་	PART
སྐུ་མདོག་	སྐུ་མདོག་	NOUN
དམར་མོ་	དམར་མོ་	ADJ
ཞལ་	ཞལ་	NOUN
གཅིག་	གཅིག་	NUM
ཕྱག་	ཕྱག་	NOUN
གཉིས་	གཉིས་	NUM
ཕྱག་	ཕྱག་	NOUN
གཡའ་	གཡའ་	NOUN
རྡོ་རྗེ་	རྡོ་རྗེ་	NOUN
ས་	གིས་	PART
མཚན་པ་	མཚན་པ་	VERB
འི་	གི་	PART
གྲི་གུག་	གྲི་གུག་	NOUN
དང་	དང་	NO_POS
གཡོན་པ་	གཡོན་པ་	ADJ
ས་	གིས་	PART
ཐོད་པ་	ཐོད་པ་	NOUN
བདུད་རྩི་	བདུད་རྩི་	NOUN
ས་	གིས་	PART
གང་བ་	གང་བ་	VERB
བསྣམ་པ་	བསྣམ་པ་	NO_POS
གྲུ་མོ་	གྲུ་མོ་	NOUN
ན་ཁ་	ན་ཁ་	NO_POS
ཊྭཱཾ་		NON_WORD
ག་	ག་	PRON
ཡོད་པ་	ཡོད་པ་	VERB
རྒྱན་ཆ་	རྒྱན་ཆ་	NOUN
ལུགས་	ལུགས་	NOUN
ཐམས་ཅད་	ཐམས་ཅད་	DET
ཡོངས་སུ་	ཡོངས་སུ་	NO_POS
རྫོགས་པ་	རྫོགས་པ་	VERB
འི་	གི་	PART
སྐུ་	སྐུ་	NOUN
གྱུར་	གྱུར་	VERB
།		PUNCT
ལག་པ་	ལག་པ་	NOUN
འི་	གི་	PART
མཆོད་པ་	མཆོད་པ་	VERB
འི་	གི་	PART
ཆོ་ག་	ཆོ་ག་	NOUN
ནི་	ནི་	NO_POS
།		PUNCT
བདུད་རྩི་	བདུད་རྩི་	NOUN
རིལ་བུ་	རིལ་བུ་	OTHER
དང་	དང་	NO_POS
ལྡན་པ་	ལྡན་པ་	VERB
འི་	གི་	PART
མྱོས་བྱེད་	མྱོས་བྱེད་	NO_POS
ལ་	ལ་	PART
།		PUNCT
ཨོཾ་	ཨོཾ་	X
ཨཱཿ་		NON_WORD
བིགྷྣཱནྟ་		NON_WORD
ཀྲྀ་		NON_WORD
ཏ་	ཏ་	OTHER
ཧཱུྃ་		NON_WORD
ཕཊ་		NON_WORD
།		PUNCT
ཀྱིས་	གིས་	PART
གསངས་	གསངས་	NO_POS
།		PUNCT
ཨོཾ་	ཨོཾ་	X
སྭ་		NON_WORD
བྷཱ་		NON_WORD
ཝ་	ཝ་	OTHER
ཤུདྡྷཿ་		NON_WORD
སརྦ་	སརྦ་	NO_POS
དྷརྨཿ་		NON_WORD
སྭ་		NON_WORD
བྷཱ་		NON_WORD
ཝ་	ཝ་	OTHER
ཤུདྡྷོཉ་		NON_WORD
ཧཾ་		NON_WORD
།		PUNCT
ཟླུམ་	ཟླུམ་	NO_POS
བསྐོར་	བསྐོར་	VERB
།		PUNCT
ཨོཾ་	ཨོཾ་	X
ཨཱཿ་		NON_WORD
ཧཱུྃ་		NON_WORD
གིས་	གིས་	PART
ཆོས་འབྱུང་	ཆོས་འབྱུང་	NOUN
དབུ་	དབུ་	NOUN
དང་	དང་	NO_POS
ཕྱོགས་	ཕྱོགས་	NOUN
བཞི་	བཞི་	NUM
ར་	ལ་	PART
།		PUNCT
ཧྲཱིཿ་		NON_WORD
ཧ་རི་	ཧ་རི་	NO_POS
ནི་	ནི་	NO_POS
ས་	ས་	ADP
།		PUNCT
ཐིག་ལེ་	ཐིག་ལེ་	NOUN
ལྔ་	ལྔ་	NUM
བྱ་	བྱ་	VERB
།		PUNCT
ཆོས་འབྱུང་	ཆོས་འབྱུང་	NOUN
གྲུ་གསུམ་	གྲུ་གསུམ་	NOUN
གྱི་	གི་	PART
གཞལ་ཡས་	གཞལ་ཡས་	ADJ
ཁང་ཆེན་པོ་	ཁང་ཆེན་པོ་	OTHER
འི་	གི་	PART
དབུ་	དབུ་	NOUN
སུ་	ལ་	PART
གདན་	གདན་	NOUN
པདྨ་	པདྨ་	NOUN
རོ་	རོ་	NOUN
དང་	དང་	NO_POS
ཉི་མ་	ཉི་མ་	NOUN
འི་	གི་	PART
དཀྱིལ་འཁོར་	དཀྱིལ་འཁོར་	NOUN
གྱི་	གི་	PART
གདན་	གདན་	NOUN
གྱི་	གི་	PART
སྟེང་	སྟེང་	NOUN
དུ་	ལ་	PART
།		PUNCT
དབུ་	དབུ་	NOUN
སུ་	ལ་	PART
ཧྲཱིཿ་		NON_WORD
དམར་པོ་	དམར་པོ་	ADJ
།		PUNCT
ཤ་	ཤ་	VERB
དུ་	ལ་	PART
ཧ་	ཧ་	NOUN
སྔོན་པོ་	སྔོན་པོ་	ADJ
།		PUNCT
ལྷོ་	ལྷོ་	NOUN
ར་	ལ་	PART
རི་	རི་	NOUN
སེར་པོ་	སེར་པོ་	ADJ
།		PUNCT
ནུབ་	ནུབ་	ADV
ཏུ་	ལ་	PART
ནི་	ནི་	NO_POS
དམར་པོ་	དམར་པོ་	ADJ
།		PUNCT
བྱང་	བྱང་	NOUN
དུ་	ལ་	PART
ས་	ས་	ADP
ལྗང་གུ་	ལྗང་གུ་	NO_POS
།		PUNCT
དེ་དག་	དེ་དག་	OTHER
ལ་	ལ་	ADP
ས་	གིས་	PART
འོད་འཕྲོ་	འོད་འཕྲོ་	NO_POS
ས་	གིས་	PART
།		PUNCT
འཕགས་པ་	འཕགས་པ་	VERB
མཆོད་	མཆོད་	VERB
།		PUNCT
སེམས་ཅན་	སེམས་ཅན་	NOUN
ཐམས་ཅད་	ཐམས་ཅད་	DET
ལ་	ལ་	PART
ཕོག་	ཕོག་	VERB
།		PUNCT
སྡིག་པ་	སྡིག་པ་	VERB
དང་	དང་	NO_POS
སྒྲིབ་པ་	སྒྲིབ་པ་	VERB
ཐམས་ཅད་	ཐམས་ཅད་	DET
དག་	དག་	DET
ན་	ནས་	PART
།		PUNCT
ཚུ་		
འདུ་	འདུ་	VERB
ཡོངས་སུ་	ཡོངས་སུ་	NO_POS
གྱུར་པ་	གྱུར་པ་	VERB
ལ་	ལ་	ADP
ས་	གིས་	PART
།		PUNCT
རྗེ་བཙུན་	རྗེ་བཙུན་	NOUN
རྡོ་རྗེ་	རྡོ་རྗེ་	NOUN
རྣལ་འབྱོར་	རྣལ་འབྱོར་	NOUN
མ་	མ་	PART
ལྷ་	ལྷ་	NOUN
ལྔ་	ལྔ་	NUM
འི་	གི་	PART
རང་བཞིན་	རང་བཞིན་	NOUN
དུ་	ལ་	PART
གྱུར་	གྱུར་	VERB
།		PUNCT
ཆང་	ཆང་	NOUN
གཏོ་	གཏོ་	VERB
ཞིང་	ཅིང་	PART
།		PUNCT
ཨོཾ་	ཨོཾ་	X
བཛྲ་	བཛྲ་	NO_POS
བཻ་	བཻ་	NO_POS
རོ་ཙ་	རོ་ཙ་	OTHER
ནཱི་		NON_WORD
ཡེ་	ཡེ་	ADV
ཧ་རི་	ཧ་རི་	NO_POS
ནི་	ནི་	NO_POS
ས་	ས་	ADP
ཧཱུྃ་		NON_WORD
ཧཱུྃ་		NON_WORD
ཕཊ་		NON_WORD
སྭཱཧཱ་		NON_WORD
།		PUNCT
ལག་	ལག་	NOUN
གཉིས་	གཉིས་	NUM
བསངས་	བསངས་	NO_POS
།		PUNCT
ཨོཾ་	ཨོཾ་	X
སྭ་		NON_WORD
བྷཱ་		NON_WORD
ཝ་	ཝ་	OTHER
ཤུདྡྷཿ་		NON_WORD
སརྦ་	སརྦ་	NO_POS
དྷརྨཿ་		NON_WORD
སྭ་		NON_WORD
བྷཱ་		NON_WORD
ཝ་	ཝ་	OTHER
ཤུདྡྷོཉ་		NON_WORD
ཧཾ་		NON_WORD
།		PUNCT
ལག་པ་	ལག་པ་	NOUN
གཡོན་པ་	གཡོན་པ་	ADJ
འི་	གི་	PART
མཐིལ་	མཐིལ་	NOUN
དུ་	ལ་	PART
ཟླུམ་	ཟླུམ་	NO_POS
བསྐོར་	བསྐོར་	VERB
།		PUNCT
ཨོཾ་	ཨོཾ་	X
ཨཱཿ་		NON_WORD
ཧཱུྃ་		NON_WORD
གིས་	གིས་	PART
ཆོས་འབྱུང་	ཆོས་འབྱུང་	NOUN
བྱ་	བྱ་	VERB
།		PUNCT
ཧྲཱིཿ་		NON_WORD
ཧ་རི་	ཧ་རི་	NO_POS
ནི་	ནི་	NO_POS
ས་	ས་	ADP
དབུ་	དབུ་	NOUN
དང་	དང་	NO_POS
ཕྱོགས་	ཕྱོགས་	NOUN
བཞི་	བཞི་	NUM
ར་	ལ་	PART
ཐིག་ལེ་	ཐིག་ལེ་	NOUN
ལྔ་	ལྔ་	NUM
བྱ་	བྱ་	VERB
།		PUNCT
ཆོས་འབྱུང་	ཆོས་འབྱུང་	NOUN
གྲུ་གསུམ་	གྲུ་གསུམ་	NOUN
གྱི་	གི་	PART
གཞལ་ཡས་	གཞལ་ཡས་	ADJ
ཁང་ཆེན་པོ་	ཁང་ཆེན་པོ་	OTHER
འི་	གི་	PART
དབུ་	དབུ་	NOUN
སུ་	ལ་	PART
གདན་	གདན་	NOUN
པདྨ་	པདྨ་	NOUN
རོ་	རོ་	NOUN
དང་	དང་	NO_POS
ཉི་མ་	ཉི་མ་	NOUN
འི་	གི་	PART
དཀྱིལ་འཁོར་	དཀྱིལ་འཁོར་	NOUN
གྱི་	གི་	PART
གདན་	གདན་	NOUN
གྱི་	གི་	PART
སྟེང་	སྟེང་	NOUN
དུ་	ལ་	PART
།		PUNCT
དབུ་	དབུ་	NOUN
སུ་	ལ་	PART
ཧྲཱིཿ་		NON_WORD
དམར་པོ་	དམར་པོ་	ADJ
།		PUNCT
ཤ་	ཤ་	VERB
དུ་	ལ་	PART
ཧ་	ཧ་	NOUN
སྔོན་པོ་	སྔོན་པོ་	ADJ
།		PUNCT
ལྷོ་	ལྷོ་	NOUN
ར་	ལ་	PART
རི་	རི་	NOUN
སེར་པོ་	སེར་པོ་	ADJ
།		PUNCT
ནུབ་	ནུབ་	ADV
ཏུ་	ལ་	PART
ནི་	ནི་	NO_POS
དམར་པོ་	དམར་པོ་	ADJ
།		PUNCT
བྱང་	བྱང་	NOUN
དུ་	ལ་	PART
ས་	ས་	ADP
ལྗང་ཁུ་	ལྗང་ཁུ་	NO_POS
།		PUNCT
དེ་དག་	དེ་དག་	OTHER
ལ་	ལ་	ADP
ས་	གིས་	PART
འོད་འཕྲོ་	འོད་འཕྲོ་	NO_POS
ས་	གིས་	PART
།		PUNCT
འཕགས་པ་	འཕགས་པ་	VERB
མཆོད་	མཆོད་	VERB
།		PUNCT
སེམས་ཅན་	སེམས་ཅན་	NOUN
ཐམས་ཅད་	ཐམས་ཅད་	DET
ལ་	ལ་	PART
ཕོག་	ཕོག་	VERB
།		PUNCT
སྡིག་པ་	སྡིག་པ་	VERB
དང་	དང་	NO_POS
སྒྲིབ་པ་	སྒྲིབ་པ་	VERB
ཐམས་ཅད་	ཐམས་ཅད་	DET
དག་	དག་	DET
ན་	ནས་	PART
།		PUNCT
ཚུ་		
འདུ་	འདུ་	VERB
ཡོངས་སུ་	ཡོངས་སུ་	NO_POS
གྱུར་པ་	གྱུར་པ་	VERB
ལ་	ལ་	ADP
ས་	གིས་	PART
།		PUNCT
དབུ་	དབུ་	NOUN
སུ་	ལ་	PART
རྗེ་བཙུན་	རྗེ་བཙུན་	NOUN
རྡོ་རྗེ་	རྡོ་རྗེ་	NOUN
རྣལ་འབྱོར་	རྣལ་འབྱོར་	NOUN
མ་	མ་	PART
སྐུ་མདོག་	སྐུ་མདོག་	NOUN
དམར་མོ་	དམར་མོ་	ADJ
།		PUNCT
ཞལ་	ཞལ་	NOUN
གཅིག་	གཅིག་	NUM
ཕྱག་	ཕྱག་	NOUN
གཉིས་	གཉིས་	NUM
ཕྱག་	ཕྱག་	NOUN
གཡའ་	གཡའ་	NOUN
རྡོ་རྗེ་	རྡོ་རྗེ་	NOUN
ས་	གིས་	PART
མཚན་པ་	མཚན་པ་	VERB
འི་	གི་	PART
གྲི་གུག་	གྲི་གུག་	NOUN
དང་	དང་	NO_POS
།		PUNCT
གཡོན་པ་	གཡོན་པ་	ADJ
ས་	གིས་	PART
ཐོད་པ་	ཐོད་པ་	NOUN
བདུད་རྩི་	བདུད་རྩི་	NOUN
ས་	གིས་	PART
བཀང་བ་	བཀང་བ་	VERB
བསྣམས་པ་	བསྣམས་པ་	NO_POS
།		PUNCT
གྲུ་མོ་	གྲུ་མོ་	NOUN
ན་ཁ་	ན་ཁ་	NO_POS
ཊྭཱཾ་		NON_WORD
ག་	ག་	PRON
ཡོད་པ་	ཡོད་པ་	VERB
།		PUNCT
རྒྱན་ཆ་	རྒྱན་ཆ་	NOUN
ལུགས་	ལུགས་	NOUN
ཐམས་ཅད་	ཐམས་ཅད་	DET
ཡོངས་སུ་	ཡོངས་སུ་	NO_POS
རྫོགས་པ་	རྫོགས་པ་	VERB
ར་	ལ་	PART
གྱུར་	གྱུར་	VERB
།		PUNCT
དེ་	དེ་	DET
འི་	གི་	PART
ཤ་	ཤ་	VERB
དུ་	ལ་	PART
ཧ་ལ་	ཧ་ལ་	NO_POS
ས་	གིས་	PART
རྡོ་རྗེ་	རྡོ་རྗེ་	NOUN
མཁའ་འགྲོ་	མཁའ་འགྲོ་	NOUN
མ་	མ་	PART
སྐུ་མདོག་	སྐུ་མདོག་	NOUN
སྔོན་མོ་	སྔོན་མོ་	OTHER
།		PUNCT
ལྷོ་	ལྷོ་	NOUN
ར་	ལ་	PART
རི་	རི་	NOUN
ལ་	ལ་	ADP
ས་	གིས་	PART
རིན་ཆེན་	རིན་ཆེན་	OTHER
མཁའ་འགྲོ་	མཁའ་འགྲོ་	NOUN
མ་	མ་	PART
སྐུ་མདོག་	སྐུ་མདོག་	NOUN
སེར་མོ་	སེར་མོ་	ADJ
།		PUNCT
ནུབ་	ནུབ་	ADV
ཏུ་	ལ་	PART
ནི་ལ་	ནི་ལ་	NO_POS
ས་	གིས་	PART
པདྨ་	པདྨ་	NOUN
མཁའ་འགྲོ་	མཁའ་འགྲོ་	NOUN
མ་	མ་	PART
སྐུ་མདོག་	སྐུ་མདོག་	NOUN
དམར་མོ་	དམར་མོ་	ADJ
།		PUNCT
བྱང་	བྱང་	NOUN
དུ་	ལ་	PART
ས་ལས་	ས་ལས་	NO_POS
ལ་	ལ་	ADP
ས་	གིས་	PART
ཀྱི་	གི་	PART
མཁའ་འགྲོ་	མཁའ་འགྲོ་	NOUN
མ་	མ་	PART
སྐུ་མདོག་	སྐུ་མདོག་	NOUN
ལྗང་ཁུ་	ལྗང་ཁུ་	NO_POS
།		PUNCT
དེ་དག་	དེ་དག་	OTHER
ཐམས་ཅད་	ཐམས་ཅད་	DET
ཀྱང་	ཀྱང་	PART
ཞལ་	ཞལ་	NOUN
གཅིག་	གཅིག་	NUM
ཕྱག་	ཕྱག་	NOUN
གཉིས་	གཉིས་	NUM
།		PUNCT
གཡས་པ་	གཡས་པ་	VERB
རྣམས་	རྣམས་	DET
ཀྱིས་	གིས་	PART
རྡོ་རྗེ་	རྡོ་རྗེ་	NOUN
དང་	དང་	NO_POS
།		PUNCT
རིན་པོ་ཆེ་	རིན་པོ་ཆེ་	ADJ
དང་	དང་	NO_POS
།		PUNCT
པདྨ་	པདྨ་	NOUN
དང་	དང་	NO_POS
།		PUNCT
རལ་གྲི་	རལ་གྲི་	NOUN
ས་	གིས་	PART
མཚན་པ་	མཚན་པ་	VERB
འི་	གི་	PART
གྲི་གུག་	གྲི་གུག་	NOUN
འཛིན་	འཛིན་	VERB
ཞིང་	ཅིང་	PART
།		PUNCT
གཡོན་པ་	གཡོན་པ་	ADJ
རྣམས་	རྣམས་	DET
ཀྱིས་	གིས་	PART
ཐོད་པ་	ཐོད་པ་	NOUN
བདུད་རྩི་	བདུད་རྩི་	NOUN
ས་	གིས་	PART
བཀང་བ་	བཀང་བ་	VERB
བསྣམས་པ་	བསྣམས་པ་	NO_POS
།		PUNCT
གྲུ་མོ་	གྲུ་མོ་	NOUN
ན་ཁ་	ན་ཁ་	NO_POS
ཊྭཱཾ་		NON_WORD
ག་	ག་	PRON
ཡོད་པ་	ཡོད་པ་	VERB
།		PUNCT
རྒྱན་ཆ་	རྒྱན་ཆ་	NOUN
ལུགས་	ལུགས་	NOUN
ཐམས་ཅད་	ཐམས་ཅད་	DET
ཡོངས་སུ་	ཡོངས་སུ་	NO_POS
རྫོགས་པ་	རྫོགས་པ་	VERB
ར་	ལ་	PART
གྱུར་	གྱུར་	VERB
།		PUNCT
ཨོཾ་	ཨོཾ་	X
བཛྲ་	བཛྲ་	NO_POS
བཻ་	བཻ་	NO_POS
རོ་ཙ་	རོ་ཙ་	OTHER
ནཱི་		NON_WORD
ཡེ་	ཡེ་	ADV
ཧ་རི་	ཧ་རི་	NO_POS
ནི་	ནི་	NO_POS
ས་	ས་	ADP
ཤྲཱི་		NON_WORD
བཛྲ་	བཛྲ་	NO_POS
ཡོ་	ཡོ་	OTHER
གི་	གི་	PART
ནཱི་		NON_WORD
བཛྲ་	བཛྲ་	NO_POS
ཨརྒྷཾ་		NON_WORD
ཨཱཿ་		NON_WORD
ཧཱུྃ་		NON_WORD
སྭཱཧཱ་		NON_WORD
།		PUNCT
པུཥྤེ་		NON_WORD
།		PUNCT
དྷཱུ་		NON_WORD
པེ་	པེ་	NO_POS
།		PUNCT
ཨཱ་	ཨཱ་	NO_POS
ལོ་	གོ་	PART
ཀེ་	ཀེ་	PROPN
།		PUNCT
གནྡྷེ་		NON_WORD
།		PUNCT
ནཻ་		NON_WORD
ཝིདྱ་		NON_WORD
།		PUNCT
ཤབྡ་		NON_WORD
ཨཱཿ་		NON_WORD
ཧཱུྃ་		NON_WORD
སྭཱཧཱ་		NON_WORD
།		PUNCT
པཉྩ་	པཉྩ་	NO_POS
ཨ་	ཨ་	X
མྲྀ་		NON_WORD
ཏ་	ཏ་	OTHER
ཨཱཿ་		NON_WORD
ཧཱུྃ་		NON_WORD
སྭཱཧཱ་		NON_WORD
།		PUNCT
མཱ་	མཱ་	NO_POS
ཏངྒི་		NON_WORD
ཨཱཿ་		NON_WORD
ཧཱུྃ་		NON_WORD
སྭཱཧཱ་		NON_WORD
།		PUNCT
དཔལ་ལྡན་	དཔལ་ལྡན་	ADJ
རྡོ་རྗེ་	རྡོ་རྗེ་	NOUN
མཁའ་འགྲོ་	མཁའ་འགྲོ་	NOUN
མ་	མ་	PART
། །		PUNCT
མཁའ་འགྲོ་	མཁའ་འགྲོ་	NOUN
མ་	མ་	PART
ཡི་	གི་	PART
འཁོར་ལོ་	འཁོར་ལོ་	NOUN
བསྒྱུར་	བསྒྱུར་	VERB
། །		PUNCT
ཡེ་ཤེས་	ཡེ་ཤེས་	NOUN
ལྔ་	ལྔ་	NUM
དང་	དང་	NO_POS
སྐུ་གསུང་ཐུགས་	སྐུ་གསུང་ཐུགས་	NOUN
། །		PUNCT
འགྲོ་བ་	འགྲོ་བ་	VERB
སྐྱོབས་	སྐྱོབས་	VERB
ལ་	ལ་	PART
ཕྱག་	ཕྱག་	NOUN
འཚལ་	འཚལ་	VERB
བསྟོད་	བསྟོད་	VERB
། །		PUNCT
ཇི་སྙེད་	ཇི་སྙེད་	OTHER
རྡོ་རྗེ་	རྡོ་རྗེ་	NOUN
མཁའ་འགྲོ་	མཁའ་འགྲོ་	NOUN
མ་	མ་	PART
། །		PUNCT
ཀུན་	ཀུན་	DET
ཏུ་	ལ་	PART
རྟོག་པ་	རྟོག་པ་	VERB
འཆིང་	འཆིང་	NO_POS
གཅོད་	གཅོད་	NO_POS
ཅིང་	ཅིང་	PART
། །		PUNCT
འཇིག་རྟེན་	འཇིག་རྟེན་	NOUN
བྱ་བ་	བྱ་བ་	VERB
རབ་	རབ་	ADV
འཇུག་མ་	འཇུག་མ་	NO_POS
། །		PUNCT
དེ་སྙེད་	དེ་སྙེད་	NO_POS
རྣམས་	རྣམས་	DET
ལ་	ལ་	PART
ཕྱག་	ཕྱག་	NOUN
འཚལ་	འཚལ་	VERB
བསྟོད་	བསྟོད་	VERB
། །		PUNCT
ལྟེ་བ་	ལྟེ་བ་	NOUN
འི་	གི་	PART
དབུ་	དབུ་	NOUN
ན་	ནས་	PART
འབྱུང་	འབྱུང་	VERB
བཞི་	བཞི་	NUM
འཕྲོ་	འཕྲོ་	NOUN
ས་	གིས་	PART
། །		PUNCT
ཆོ་	ཆོ་	NOUN
དང་	དང་	NO_POS
ལོངས་སྤྱོད་	ལོངས་སྤྱོད་	NOUN
རྫོགས་པ་	རྫོགས་པ་	VERB
ར་	ལ་	PART
ལྡན་	ལྡན་	VERB
། །		PUNCT
མཁའ་འགྲོ་	མཁའ་འགྲོ་	NOUN
མ་	མ་	PART
རྣམས་	རྣམས་	DET
སྡུད་	སྡུད་	VERB
མཛད་	མཛད་	VERB
མ་	མ་	PART
། །		PUNCT
རྗེ་བཙུན་	རྗེ་བཙུན་	NOUN
མ་ལ་	མ་ལ་	INTJ
ཕྱག་	ཕྱག་	NOUN
འཚལ་	འཚལ་	VERB
བསྟོད་	བསྟོད་	VERB
། །		PUNCT
རང་	རང་	PRON
གི་	གི་	PART
ལྟེ་བ་	ལྟེ་བ་	NOUN
འི་	གི་	PART
ས་བོན་	ས་བོན་	NOUN
གྱི་	གི་	PART
འོད་ཟེར་	འོད་ཟེར་	NOUN
གྱིས་	གིས་	PART
ཡེ་ཤེས་པ་	ཡེ་ཤེས་པ་	NOUN
སྤྱན་	སྤྱན་	NOUN
དྲངས་པ་	དྲངས་པ་	VERB
ར་	ལ་	PART
བསམ་པ་	བསམ་པ་	VERB
།		PUNCT
མ་	མ་	PART
ལུས་སེམས་	ལུས་སེམས་	NOUN
ཅན་	ཅན་	PART
ཀུན་	ཀུན་	DET
གྱི་	གི་	PART
མགོན་	མགོན་	NOUN
གྱུར་	གྱུར་	VERB
ཅིང་	ཅིང་	PART
། །		PUNCT
བདུད་	བདུད་	NOUN
སྡེ་	སྡེ་	NOUN
དཔུང་	དཔུང་	NOUN
བཅའ་	བཅའ་	VERB
མི་	མི་	PART
བཟད་	བཟད་	NOUN
འཇོམས་	འཇོམས་	NO_POS
མཛད་	མཛད་	VERB
ལྷ་	ལྷ་	NOUN
། །		PUNCT
དངོ་	དངོ་	NOUN
རྣམས་	རྣམས་	DET
མ་	མ་	PART
ལུས་	ལུས་	NOUN
ཇི་བཞིན་	ཇི་བཞིན་	OTHER
མཁྱེན་	མཁྱེན་	VERB
གྱུར་པ་	གྱུར་པ་	VERB
འི་	གི་	PART
། །		PUNCT
བཅོམ་ལྡན་	བཅོམ་ལྡན་	NOUN
རྡོ་རྗེ་	རྡོ་རྗེ་	NOUN
ཕག་མོ་	ཕག་མོ་	PROPN
འཁོར་བཅས་	འཁོར་བཅས་	ADJ
རྣམས་	རྣམས་	DET
། །		PUNCT
སེམས་ཅན་	སེམས་ཅན་	NOUN
དོན་	དོན་	NOUN
ལ་	ལ་	PART
དགོངས་	དགོངས་	VERB
མཛོད་	མཛོད་	NOUN
ལ་	ལ་	PART
། །		PUNCT
སྐད་ཅིག་	སྐད་ཅིག་	OTHER
ཙམ་	ཙམ་	DET
གྱིས་	གིས་	PART
གཤེགས་	གཤེགས་	VERB
སུ་	ལ་	PART
གསོལ་	གསོལ་	VERB
། །		PUNCT
ཨོཾ་	ཨོཾ་	X
ཨེ་	ཨེ་	PART
ཨཱ་	ཨཱ་	NO_POS
ར་	ར་	ADP
ལི་	ལི་	OTHER
ཧོཿ་		NON_WORD
བཛྲ་	བཛྲ་	NO_POS
ཝཱརཱ་		NON_WORD
ཧཱི་		NON_WORD
།		PUNCT
ཛཿ་		NON_WORD
ཧཱུྃ་		NON_WORD
བྃ་		NON_WORD
ཧོཿ་		NON_WORD
བུདྡྷ་		NON_WORD
ཌཱ་ཀི་	ཌཱ་ཀི་	NOUN
ནཱི་		NON_WORD
ཡེ་	ཡེ་	ADV
།		PUNCT
བཛྲ་	བཛྲ་	NO_POS
ཌཱ་ཀི་	ཌཱ་ཀི་	NOUN
ནཱི་		NON_WORD
ཡེ་	ཡེ་	ADV
།		PUNCT
རཏྣ་		NON_WORD
ཌཱ་ཀི་	ཌཱ་ཀི་	NOUN
ནཱི་		NON_WORD
ཡེ་	ཡེ་	ADV
།		PUNCT
པདྨ་	པདྨ་	NOUN
ཌཱ་ཀི་	ཌཱ་ཀི་	NOUN
ནཱི་		NON_WORD
ཡེ་	ཡེ་	ADV
།		PUNCT
ཀརྨ་	ཀརྨ་	NO_POS
ཌཱ་ཀི་	ཌཱ་ཀི་	NOUN
ནཱི་		NON_WORD
ཡེ་	ཡེ་	ADV
།		PUNCT
བི་	བི་	NO_POS
ཤྭ་	ཤྭ་	NO_POS
ཌཱ་ཀི་	ཌཱ་ཀི་	NOUN
ནཱི་		NON_WORD
ཡེ་	ཡེ་	ADV
།		PUNCT
ལོ་ཀ་	ལོ་ཀ་	NO_POS
ཌཱ་ཀི་	ཌཱ་ཀི་	NOUN
ནཱི་		NON_WORD
ཡེ་	ཡེ་	ADV
།		PUNCT
ས་	ས་	ADP
མ་	མ་	PART
ཡ་	ཡ་	NOUN
སྟྭཾ་		NON_WORD
།		PUNCT
དྲྀ་		NON_WORD
ཤྱཧོཿ་		NON_WORD
ཕེཾ་		NON_WORD
ཕེཾ་		NON_WORD
ཕེཾ་		NON_WORD
།		PUNCT
ཨོཾ་	ཨོཾ་	X
ཤྲཱི་		NON_WORD
བཛྲ་	བཛྲ་	NO_POS
ཝཱརཱ་		NON_WORD
ཧཱི་		NON_WORD
།		PUNCT
ཨོཾ་	ཨོཾ་	X
བཛྲ་	བཛྲ་	NO_POS
ཨརྒྷཾ་		NON_WORD
ཨཱཿ་		NON_WORD
ཧཱུྃ་		NON_WORD
སྭཱཧཱ་		NON_WORD
།		PUNCT
ཨོཾ་	ཨོཾ་	X
བཛྲ་	བཛྲ་	NO_POS
པུཥྤེ་		NON_WORD
ཨཱཿ་		NON_WORD
ཧཱུྃ་		NON_WORD
།		PUNCT
དྷཱུ་		NON_WORD
པེ་	པེ་	NO_POS
།		PUNCT
ཨཱ་	ཨཱ་	NO_POS
ལོ་	གོ་	PART
ཀེ་	ཀེ་	PROPN
།		PUNCT
གནྡྷེ་		NON_WORD
།		PUNCT
ནཻ་		NON_WORD
ཝིདྱ་		NON_WORD
།		PUNCT
ཤབྡ་		NON_WORD
ཨཱཿ་		NON_WORD
ཧཱུྃ་		NON_WORD
སྭཱཧཱ་		NON_WORD
།		PUNCT
པཉྩ་	པཉྩ་	NO_POS
ཨ་	ཨ་	X
མྲྀ་		NON_WORD
ཏ་	ཏ་	OTHER
ཨཱཿ་		NON_WORD
ཧཱུྃ་		NON_WORD
སྭཱཧཱ་		NON_WORD
།		PUNCT
མཱ་	མཱ་	NO_POS
ཏངྒི་		NON_WORD
ཨཱཿ་		NON_WORD
ཧཱུྃ་		NON_WORD
སྭཱཧཱ་		NON_WORD
།		PUNCT
ཨོཾ་	ཨོཾ་	X
བཅོམ་ལྡན་	བཅོམ་ལྡན་	NOUN
མགོན་པོ་	མགོན་པོ་	NOUN
དཔའ་བོ་	དཔའ་བོ་	NOUN
ཆེན་པོ་	ཆེན་པོ་	ADJ
ནི་	ནི་	NO_POS
། །		PUNCT
བསྐལ་པ་	བསྐལ་པ་	NOUN
འི་	གི་	PART
མེ་དཔུང་	མེ་དཔུང་	OTHER
ལྟ་བུ་	ལྟ་བུ་	NOUN
ར་	ལ་	PART
རབ་ཏུ་	རབ་ཏུ་	NO_POS
འབའ་	འབའ་	VERB
། །		PUNCT
རལ་པ་	རལ་པ་	VERB
འི་	གི་	PART
ཅོད་པན་	ཅོད་པན་	NOUN
དབུ་	དབུ་	NOUN
ཡི་	གི་	PART
རྒྱན་	རྒྱན་	NOUN
དུ་	ལ་	PART
བཅིངས་	བཅིངས་	VERB
། །		PUNCT
མཆེ་བ་	མཆེ་བ་	NOUN
རབ་	རབ་	ADV
གཙིགས་	གཙིགས་	NO_POS
དྲག་ཤུལ་	དྲག་ཤུལ་	NOUN
འཇིགས་པ་	འཇིགས་པ་	VERB
འི་	གི་	PART
ཞལ་	ཞལ་	NOUN
། །		PUNCT
དབུ་	དབུ་	NOUN
ལ་	ལ་	PART
སྤྱན་	སྤྱན་	NOUN
གསུམ་	གསུམ་	NUM
གཟི་བརྗིད་	གཟི་བརྗིད་	NOUN
ལྡན་པ་པོ་	ལྡན་པ་པོ་	VERB
། །		PUNCT
དགྲ་	དགྲ་	NOUN
སྟྭ་		NON_WORD
ཞགས་པ་	ཞགས་པ་	NOUN
ཁ་	ཁ་	PRON
ཊྭཱཾ་		NON_WORD
མདུང་རྩེ་	མདུང་རྩེ་	OTHER
བསྣམས་	བསྣམས་	NO_POS
། །		PUNCT
རབ་	རབ་	ADV
འཇིགས་	འཇིགས་	VERB
སྟག་	སྟག་	NOUN
གི་	གི་	PART
པགས་པ་	པགས་པ་	NOUN
སྐུ་	སྐུ་	NOUN
ལ་	ལ་	PART
གསོལ་	གསོལ་	VERB
། །		PUNCT
སྐུ་	སྐུ་	NOUN
ཆེན་	ཆེན་	NO_POS
དུད་	དུད་	NO_POS
ཀ་	ཀ་	DET
བགེགས་	བགེགས་	NOUN
འདུལ་	འདུལ་	NO_POS
མཛད་	མཛད་	VERB
ལ་	ལ་	PART
འདུད་	འདུད་	NO_POS
། །		PUNCT
བཅོམ་ལྡན་	བཅོམ་ལྡན་	NOUN
རྣམ་ཀུན་	རྣམ་ཀུན་	NO_POS
རྡོ་རྗེ་	རྡོ་རྗེ་	NOUN
ཕག་མོ་	ཕག་མོ་	PROPN
ཆེ་	ཆེ་	VERB
། །		PUNCT
འཇིག་རྟེན་	འཇིག་རྟེན་	NOUN
གསུམ་	གསུམ་	NUM
གཞན་	གཞན་	DET
རྒོལ་བ་	རྒོལ་བ་	VERB
ས་	གིས་	PART
མི་	མི་	PART
ཚུགས་ཤིང་	ཚུགས་ཤིང་	NOUN
། །		PUNCT
འབྱུང་པོ་	འབྱུང་པོ་	NOUN
འི་	གི་	PART
འཇིགས་པ་	འཇིགས་པ་	VERB
མ་	མ་	PART
ལུས་	ལུས་	NOUN
རྡོ་རྗེ་	རྡོ་རྗེ་	NOUN
ཕག་མོ་	ཕག་མོ་	PROPN
ས་	གིས་	PART
འཇོམས་	འཇོམས་	NO_POS
། །		PUNCT
རྡོ་རྗེ་	རྡོ་རྗེ་	NOUN
གདན་	གདན་	NOUN
བཞུགས་	བཞུགས་	VERB
ཚངས་པ་	ཚངས་པ་	PROPN
ལ་	ལ་	ADP
ས་	གིས་	PART
རྒྱལ་	རྒྱལ་	VERB
ཞིང་	ཅིང་	PART
། །		PUNCT
བདུད་	བདུད་	NOUN
ཀྱི་	གི་	PART
འཇིགས་པ་	འཇིགས་པ་	VERB
མ་	མ་	PART
ལུས་	ལུས་	NOUN
སྐེམས་	སྐེམས་	NO_POS
ཤིང་	ཅིང་	PART
ཕམ་	ཕམ་	NO_POS
མཛད་	མཛད་	VERB
མ་	མ་	PART
། །		PUNCT
སྐྱེ་	སྐྱེ་	VERB
གནས་	གནས་	NOUN
འབྱུང་བ་	འབྱུང་བ་	VERB
ཀུན་	ཀུན་	DET
གྱི་	གི་	PART
རང་བཞིན་	རང་བཞིན་	NOUN
གཟུགས་	གཟུགས་	NOUN
། །		PUNCT
ས་	ས་	ADP
གསུམ་	གསུམ་	NUM
དབང་ཕྱུག་	དབང་ཕྱུག་	NOUN
ཆོ་	ཆོ་	NOUN
རྣམས་	རྣམས་	DET
ཡོངས་རྫོགས་	ཡོངས་རྫོགས་	OTHER
མཛད་	མཛད་	VERB
། །		PUNCT
རྣལ་འབྱོར་	རྣལ་འབྱོར་	NOUN
འདོད་པ་	འདོད་པ་	VERB
འི་	གི་	PART
དབང་ཕྱུག་	དབང་ཕྱུག་	NOUN
མ་ལ་	མ་ལ་	INTJ
འདུད་	འདུད་	NO_POS
། །		PUNCT
ནམ་མཁ་	ནམ་མཁའ་	NOUN
འི་	གི་	PART
ལྷ་ཚོགས་	ལྷ་ཚོགས་	NOUN
རྣམས་	རྣམས་	DET
ལག་པ་	ལག་པ་	NOUN
འི་	གི་	PART
ལྷ་ཚོགས་	ལྷ་ཚོགས་	NOUN
ལ་	ལ་	PART
ཐིམ་	ཐིམ་	NO_POS
།		PUNCT
ལག་པ་	ལག་པ་	NOUN
འི་	གི་	PART
ལྷ་ཚོགས་	ལྷ་ཚོགས་	NOUN
རྣམས་	རྣམས་	DET
ཆང་	ཆང་	NOUN
ནང་	ནང་	NOUN
གི་	གི་	PART
ལྷ་ཚོགས་	ལྷ་ཚོགས་	NOUN
ལ་	ལ་	PART
ཐིམ་པ་	ཐིམ་པ་	VERB
ས་	གིས་	PART
ཐབས་	ཐབས་	NOUN
དང་	དང་	NO_POS
ཤེས་རབ་	ཤེས་རབ་	NOUN
གཉིས་	གཉིས་	NUM
སུ་	ལ་	PART
མེད་པ་	མེད་པ་	VERB
འི་	གི་	PART
ཡེ་ཤེས་	ཡེ་ཤེས་	NOUN
ཀྱི་	གི་	PART
བདུད་རྩི་	བདུད་རྩི་	NOUN
འི་	གི་	PART
རྒྱ་མཚོ་	རྒྱ་མཚོ་	NOUN
ཆེན་པོ་	ཆེན་པོ་	ADJ
ར་	ལ་	PART
གྱུར་	གྱུར་	VERB
།		PUNCT
ཨོཾ་	ཨོཾ་	X
ཨཱཿ་		NON_WORD
ཧཱུྃ་		NON_WORD
།		PUNCT
གཡོན་པ་	གཡོན་པ་	ADJ
འི་	གི་	PART
མཐེབ་སྲིན་	མཐེབ་སྲིན་	NO_POS
གྱིས་	གིས་	PART
བདུད་རྩི་	བདུད་རྩི་	NOUN
བླངས་	བླངས་	VERB
ན་	ནས་	PART
ཕྱོགས་མཚམས་	ཕྱོགས་མཚམས་	NOUN
སུ་	ལ་	PART
གཏོ་	གཏོ་	VERB
ཞིང་	ཅིང་	PART
།		PUNCT
ཨོཾ་	ཨོཾ་	X
བཛྲ་	བཛྲ་	NO_POS
བཻ་	བཻ་	NO_POS
རོ་ཙ་	རོ་ཙ་	OTHER
ནཱི་		NON_WORD
ཡེ་	ཡེ་	ADV
ཧ་རི་	ཧ་རི་	NO_POS
ནི་	ནི་	NO_POS
ས་	ས་	ADP
ཧཱུྃ་		NON_WORD
ཧཱུྃ་		NON_WORD
ཕཊ་		NON_WORD
སྭཱཧཱ་		NON_WORD
།		PUNCT
ཕྱི་རོལ་	ཕྱི་རོལ་	NOUN
གྱི་	གི་	PART
བགེགས་	བགེགས་	NOUN
དང་	དང་	NO_POS
མ་	མ་	PART
དག་པ་	དག་པ་	VERB
འི་	གི་	PART
ཚོགས་	ཚོགས་	NOUN
ཚ་	ཚ་	VERB
བཅད་	བཅད་	VERB
ན་	ནས་	PART
མཁའ་འགྲོ་	མཁའ་འགྲོ་	NOUN
མ་	མ་	PART
འི་	གི་	PART
དྲ་	དྲ་	NO_POS
གུ་	གུ་	NOUN
བསྲུང་བ་	བསྲུང་བ་	VERB
འི་	གི་	PART
འཁོར་ལོ་	འཁོར་ལོ་	NOUN
འི་	གི་	PART
རང་བཞིན་	རང་བཞིན་	NOUN
དུ་	ལ་	PART
གྱུར་	གྱུར་	VERB
།		PUNCT
རང་	རང་	PRON
ལ་	ལ་	PART
གཏོ་	གཏོ་	VERB
ལ་	ལ་	PART
།		PUNCT
རང་	རང་	PRON
གི་	གི་	PART
བ་སྤུ་	བ་སྤུ་	NOUN
འི་	གི་	PART
བུ་ག་	བུ་ག་	NOUN
ཐམས་ཅད་	ཐམས་ཅད་	DET
ཀྱང་	ཀྱང་	PART
མཁའ་འགྲོ་	མཁའ་འགྲོ་	NOUN
མ་	མ་	PART
འི་	གི་	PART
ཚོགས་	ཚོགས་	NOUN
ཀྱིས་	གིས་	PART
གང་བ་	གང་བ་	VERB
ར་	ལ་	PART
གྱུར་	གྱུར་	VERB
།		PUNCT
ཚོགས་	ཚོགས་	NOUN
དང་	དང་	NO_POS
མཆོད་རྫས་	མཆོད་རྫས་	NOUN
ལ་	ལ་	PART
གཏོ་	གཏོ་	VERB
ལ་	ལ་	PART
།		PUNCT
མཆོད་པ་	མཆོད་པ་	VERB
འི་	གི་	PART
ཡོ་བྱད་	ཡོ་བྱད་	NOUN
ཐམས་ཅད་	ཐམས་ཅད་	DET
བདུད་རྩི་	བདུད་རྩི་	NOUN
འི་	གི་	PART
རང་བཞིན་	རང་བཞིན་	NOUN
དུ་	ལ་	PART
གྱུར་	གྱུར་	VERB
།		PUNCT
རྩ་བ་	རྩ་བ་	NOUN
དང་	དང་	NO_POS
བརྒྱུད་པ་	བརྒྱུད་པ་	VERB
འི་	གི་	PART
བླ་མ་	བླ་མ་	NOUN
རྣམས་	རྣམས་	DET
དང་	དང་	NO_POS
།		PUNCT
ཡི་དམ་	ཡི་དམ་	NOUN
ཆོས་སྐྱོང་	ཆོས་སྐྱོང་	NOUN
གི་	གི་	PART
མཚན་	མཚན་	NOUN
སྨོས་	སྨོས་	VERB
ལ་	ལ་	PART
། ༈		PUNCT
ཨོཾ་	ཨོཾ་	X
ཨཱཿ་		NON_WORD
ཧཱུྃ་		NON_WORD
།		PUNCT
བྱིན་རླབས་	བྱིན་རླབས་	NOUN
ཀྱི་	གི་	PART
རྩ་བ་	རྩ་བ་	NOUN
བཀའ་	བཀའ་	NOUN
བརྒྱུད་	བརྒྱུད་	NO_POS
བླ་མ་	བླ་མ་	NOUN
རྣམས་	རྣམས་	DET
ཀྱི་	གི་	PART
ཞལ་	ཞལ་	NOUN
དུ་	ལ་	PART
ཨོཾ་	ཨོཾ་	X
ཨཱཿ་		NON_WORD
ཧཱུྃ་		NON_WORD
།		PUNCT
དངོས་གྲུབ་	དངོས་གྲུབ་	NOUN
ཀྱི་	གི་	PART
རྩ་བ་	རྩ་བ་	NOUN
ཡི་དམ་	ཡི་དམ་	NOUN
ལྷ་ཚོགས་	ལྷ་ཚོགས་	NOUN
རྣམས་	རྣམས་	DET
ཀྱི་	གི་	PART
ཞལ་	ཞལ་	NOUN
དུ་	ལ་	PART
༴		PUNCT
ཕྲིན་ལས་	ཕྲིན་ལས་	NOUN
ཀྱི་	གི་	PART
རྩ་བ་	རྩ་བ་	NOUN
ཆོས་སྐྱོང་	ཆོས་སྐྱོང་	NOUN
སྲུང་མ་	སྲུང་མ་	NOUN
རྣམས་	རྣམས་	DET
ཀྱི་	གི་	PART
ཞལ་	ཞལ་	NOUN
དུ་	ལ་	PART
༴		PUNCT
གཞན་	གཞན་	DET
ཡང་	ཀྱང་	PART
འགྲོ་བ་	འགྲོ་བ་	VERB
རིགས་	རིགས་	NOUN
དྲུག་	དྲུག་	NUM
ལམ་	གམ་	PART
རྒྱུད་	རྒྱུད་	NOUN
ལྔ་	ལྔ་	NUM
སྐྱེ་གནས་	སྐྱེ་གནས་	NOUN
རྣམ་པ་	རྣམ་པ་	NOUN
བཞི་	བཞི་	NUM
ས་	གིས་	PART
བསྡུས་པ་	བསྡུས་པ་	VERB
འི་	གི་	PART
སེམས་ཅན་	སེམས་ཅན་	NOUN
ཐམས་ཅད་	ཐམས་ཅད་	DET
ཡི་དམ་	ཡི་དམ་	NOUN
གྱི་	གི་	PART
ལྷ་	ལྷ་	NOUN
ར་	ལ་	PART
གསལ་བ་	གསལ་བ་	VERB
འི་	གི་	PART
ཞལ་	ཞལ་	NOUN
དུ་	ལ་	PART
ཨོཾ་	ཨོཾ་	X
ཨཱཿ་		NON_WORD
ཧཱུྃ་		NON_WORD
།		PUNCT
མཐ་	མཐའ་	NOUN
ར་	ལ་	PART
།		PUNCT
ཨོཾ་	ཨོཾ་	X
ཨཱཿ་		NON_WORD
ཧཱུྃ་		NON_WORD
།		PUNCT
བཏགས་	བཏགས་	VERB
ན་	ནས་	PART
འབུལ་	འབུལ་	NO_POS
ལོ་	གོ་	PART
། །		PUNCT
རང་	རང་	PRON
གི་	གི་	PART
ལྕེ་	ལྕེ་	NOUN
ཐོག་	ཐོག་	NOUN
ཏུ་	ལ་	PART
བཞག་	བཞག་	VERB
ན་	ནས་	PART
བདུད་རྩི་	བདུད་རྩི་	NOUN
མྱང་	མྱང་	VERB
ལ་	ལ་	PART
།		PUNCT
ཨོཾ་	ཨོཾ་	X
ཨཱཿ་		NON_WORD
ཧཱུྃ་		NON_WORD
།		PUNCT
ཞེ་	ཅེས་	PART
བརྗོད་	བརྗོད་	VERB
དོ་	གོ་	PART
། ༈ །		PUNCT
ཨོཾ་	ཨོཾ་	X
ཨཱཿ་		NON_WORD
བིགྷྣཱནྟ་		NON_WORD
ཀྲྀ་		NON_WORD
ཏ་	ཏ་	OTHER
ཧཱུྃ་		NON_WORD
ཕཊ་		NON_WORD
།		PUNCT
ཀྱིས་	གིས་	PART
བསང་	བསང་	OTHER
།		PUNCT
ཨོཾ་	ཨོཾ་	X
སྭ་		NON_WORD
བྷཱ་		NON_WORD
ཝ་	ཝ་	OTHER
སོགས་	སོགས་	DET
བདག་བསྐྱེད་	བདག་བསྐྱེད་	OTHER
ཡོངས་རྫོགས་	ཡོངས་རྫོགས་	OTHER
བཟླས་པ་	བཟླས་པ་	VERB
བསྡུ་	བསྡུ་	VERB
ལྡང་	ལྡང་	NO_POS
ཕྱག་རྒྱ་	ཕྱག་རྒྱ་	NOUN
ལྔ་	ལྔ་	NUM
ས་	གིས་	PART
བརྒྱན་པ་	བརྒྱན་པ་	VERB
གསལ་བ་	གསལ་བ་	VERB
ར་	ལ་	PART
གྱུར་	གྱུར་	VERB
།		PUNCT
བ་	བ་	NOUN
གསུང་	གསུང་	VERB
།		PUNCT
ལྷ་	ལྷ་	NOUN
སྟ་གོན་	སྟ་གོན་	NOUN
ནི་	ནི་	NO_POS
།		PUNCT
སྟེགས་བུ་	སྟེགས་བུ་	NO_POS
འི་	གི་	PART
སྟེང་	སྟེང་	NOUN
གི་	གི་	PART
ནམ་མཁ་	ནམ་མཁའ་	NOUN
ར་	ལ་	PART
བསངས་	བསངས་	NO_POS
ཏེ་	སྟེ་	PART
།		PUNCT
ཨོཾ་	ཨོཾ་	X
ཨཱཿ་		NON_WORD
བིགྷྣཱནྟ་		NON_WORD
ཀྲྀ་		NON_WORD
ཏ་	ཏ་	OTHER
ཧཱུྃ་		NON_WORD
ཕཊ་		NON_WORD
།		PUNCT
གཡོན་པ་	གཡོན་པ་	ADJ
འི་	གི་	PART
མཐེབ་སྲིན་	མཐེབ་སྲིན་	NO_POS
གྱིས་	གིས་	PART
བདུད་རྩི་	བདུད་རྩི་	NOUN
བླངས་	བླངས་	VERB
ཏེ་	སྟེ་	PART
སྨིན་མཚམས་	སྨིན་མཚམས་	NOUN
ན་	ནས་	PART
བཟུང་	བཟུང་	NO_POS
གཡོན་	གཡོན་	NOUN
བསྐོར་	བསྐོར་	VERB
བྱ་	བྱ་	VERB
ལ་	ལ་	PART
།		PUNCT
ཨོཾ་	ཨོཾ་	X
སྭ་		NON_WORD
བྷཱ་		NON_WORD
ཝ་	ཝ་	OTHER
ཤུདྡྷཿ་		NON_WORD
སརྦ་	སརྦ་	NO_POS
དྷརྨཿ་		NON_WORD
སྭ་		NON_WORD
བྷཱ་		NON_WORD
ཝ་	ཝ་	OTHER
ཤུདྡྷོཉ་		NON_WORD
ཧཾ་		NON_WORD
།		PUNCT
ཨོཾ་	ཨོཾ་	X
ཨཱཿ་		NON_WORD
ཧཱུྃ་		NON_WORD
།		PUNCT
ཞེ་	ཅེས་	PART
བརྗོད་པ་	བརྗོད་པ་	VERB
ས་	གིས་	PART
རྣ་བ་	རྣ་བ་	NOUN
གཡོན་	གཡོན་	NOUN
ན་	ནས་	PART
གཡའ་	གཡའ་	NOUN
ཀྱི་	གི་	PART
བ་	བ་	NOUN
དེ་	སྟེ་	PART
ནུབ་	ནུབ་	ADV
སླ་	སླ་	ADV
རྣ་བ་	རྣ་བ་	NOUN
གཡོན་	གཡོན་	NOUN
དུ་	ལ་	PART
འཐེན་པ་	འཐེན་པ་	VERB
གདན་	གདན་	NOUN
ཐབས་	ཐབས་	NOUN
དང་	དང་	NO_POS
།		PUNCT
ཨོཾ་	ཨོཾ་	X
ཨཱཿ་		NON_WORD
ཧཱུྃ་		NON_WORD
།		PUNCT
ཞེས་་	ཞེས་པ་	PART
ས་	གིས་	PART
སྨིན་མཚམས་	སྨིན་མཚམས་	NOUN
ན་	ནས་	PART
རླུང་	རླུང་	NOUN
དང་	དང་	NO_POS
དེ་ནས་	དེ་ནས་	NO_POS
བདེན་བྲལ་	བདེན་བྲལ་	NO_POS
སླ་	སླ་	ADV
སྨིན་མཚམས་	སྨིན་མཚམས་	NOUN
སུ་	ལ་	PART
འཐེན་པ་	འཐེན་པ་	VERB
ཁང་	ཁང་	NOUN
ཐབས་	ཐབས་	NOUN
གྲུབ་	གྲུབ་	VERB
།		PUNCT
ཨོཾ་	ཨོཾ་	X
བཛྲ་	བཛྲ་	NO_POS
བཻ་	བཻ་	NO_POS
རོ་ཙ་	རོ་ཙ་	OTHER
ནཱི་		NON_WORD
ཡེ་	ཡེ་	ADV
ཧཱུྃ་		NON_WORD
ཧཱུྃ་		NON_WORD
ཕཊ་		NON_WORD
སྭཱ་		NON_WORD
ཧཱ་		NON_WORD
།		PUNCT
དབུ་	དབུ་	NOUN
སུ་	ལ་	PART
བདུད་རྩི་	བདུད་རྩི་	NOUN
འཐོར་	འཐོར་	VERB
།		PUNCT
ཨོཾ་	ཨོཾ་	X
བཛྲ་	བཛྲ་	NO_POS
ཌཱ་ཀི་	ཌཱ་ཀི་	NOUN
ནཱི་		NON_WORD
ཡེ་	ཡེ་	ADV
ཧཱུྃ་		NON_WORD
ཧཱུྃ་		NON_WORD
ཕཊ་		NON_WORD
སྭཱ་		NON_WORD
ཧཱ་		NON_WORD
།		PUNCT
ཤ་	ཤ་	VERB
དུ་	ལ་	PART
བདུད་རྩི་	བདུད་རྩི་	NOUN
འཐོར་	འཐོར་	VERB
།		PUNCT
ཨོཾ་	ཨོཾ་	X
རཏྣ་		NON_WORD
ཌཱ་ཀི་	ཌཱ་ཀི་	NOUN
ནཱི་		NON_WORD
ཡེ་	ཡེ་	ADV
ཧཱུྃ་		NON_WORD
ཧཱུྃ་		NON_WORD
ཕཊ་		NON_WORD
སྭཱ་		NON_WORD
ཧཱ་		NON_WORD
།		PUNCT
ལྷོ་	ལྷོ་	NOUN
ར་	ལ་	PART
བདུད་རྩི་	བདུད་རྩི་	NOUN
འཐོར་	འཐོར་	VERB
ལ་	ལ་	PART
།		PUNCT
ཨོཾ་	ཨོཾ་	X
པདྨ་	པདྨ་	NOUN
ཌཱ་ཀི་	ཌཱ་ཀི་	NOUN
ནཱི་		NON_WORD
ཡེ་	ཡེ་	ADV
ཧཱུྃ་		NON_WORD
ཧཱུྃ་		NON_WORD
ཕཊ་		NON_WORD
སྭཱ་		NON_WORD
ཧཱ་		NON_WORD
།		PUNCT
ནུབ་	ནུབ་	ADV
ཏུ་	ལ་	PART
བདུད་རྩི་	བདུད་རྩི་	NOUN
འཐོར་	འཐོར་	VERB
ལ་	ལ་	PART
།		PUNCT
ཨོཾ་	ཨོཾ་	X
ཀརྨ་	ཀརྨ་	NO_POS
ཌཱ་ཀི་	ཌཱ་ཀི་	NOUN
ནཱི་		NON_WORD
ཡེ་	ཡེ་	ADV
ཧཱུྃ་		NON_WORD
ཧཱུྃ་		NON_WORD
ཕཊ་		NON_WORD
སྭཱ་		NON_WORD
ཧཱ་		NON_WORD
།		PUNCT
བྱང་	བྱང་	NOUN
དུ་	ལ་	PART
བདུད་རྩི་	བདུད་རྩི་	NOUN
འཐོར་	འཐོར་	VERB
ལ་	ལ་	PART
།		PUNCT
ཧྲཱིཿ་		NON_WORD
ཧ་རི་	ཧ་རི་	NO_POS
ནི་	ནི་	NO_POS
ས་	ས་	ADP
།		PUNCT
བརྗོད་པ་	བརྗོད་པ་	VERB
ས་	གིས་	PART
དབུ་	དབུ་	NOUN
དང་	དང་	NO_POS
ཕྱོགས་	ཕྱོགས་	NOUN
བཞི་	བཞི་	NUM
ར་	ལ་	PART
ཐིག་ལེ་	ཐིག་ལེ་	NOUN
འི་	གི་	PART
ཚུལ་	ཚུལ་	NOUN
དུ་	ལ་	PART
བདུད་རྩི་	བདུད་རྩི་	NOUN
འི་	གི་	PART
ཐིག་པ་	ཐིག་པ་	OTHER
རེག་	རེག་	VERB
ལ་	ལ་	PART
།		PUNCT
སྟོང་པ་	སྟོང་པ་	VERB
འི་	གི་	PART
ངང་	ངང་	NOUN
ལ་	ལ་	ADP
ས་	གིས་	PART
མདུན་	མདུན་	NOUN
གྱི་	གི་	PART
ནམ་མཁ་	ནམ་མཁའ་	NOUN
ར་	ལ་	PART
ཨེ་	ཨེ་	PART
ལ་	ལ་	ADP
ས་	གིས་	PART
ཆོ་	ཆོ་	NOUN
ཀྱི་	གི་	PART
འབྱུང་གནས་	འབྱུང་གནས་	NOUN
གྲུ་གསུམ་པ་	གྲུ་གསུམ་པ་	NOUN
།		PUNCT
རྩ་བ་	རྩ་བ་	NOUN
ཕྲ་བ་	ཕྲ་བ་	VERB
ཐུར་	ཐུར་	NOUN
དུ་	ལ་	PART
ཟུག་པ་	ཟུག་པ་	VERB
།		PUNCT
ཁ་	ཁ་	PRON
གདེངས་	གདེངས་	NOUN
ཆེ་བ་	ཆེ་བ་	VERB
གྱེན་	གྱེན་	NOUN
དུ་	ལ་	PART
བསྟན་པ་	བསྟན་པ་	VERB
།		PUNCT
ཕྱི་	ཕྱི་	NOUN
དཀ་	དཀའ་	VERB
ར་	ལ་	PART
ལ་	ལ་	PART
ནང་	ནང་	NOUN
དམར་བ་	དམར་བ་	VERB
།		PUNCT
ཡངས་	ཡངས་	VERB
ཤིང་	ཅིང་	PART
རྒྱ་ཆེ་བ་	རྒྱ་ཆེ་བ་	NO_POS
དེ་	དེ་	DET
འི་	གི་	PART
དབུ་	དབུ་	NOUN
སུ་	ལ་	PART
གདན་	གདན་	NOUN
པདྨ་	པདྨ་	NOUN
རོ་	རོ་	NOUN
དང་	དང་	NO_POS
ཉི་མ་	ཉི་མ་	NOUN
འི་	གི་	PART
དཀྱིལ་འཁོར་	དཀྱིལ་འཁོར་	NOUN
གྱི་	གི་	PART
གདན་	གདན་	NOUN
གྱི་	གི་	PART
སྟེང་	སྟེང་	NOUN
དུ་	ལ་	PART
ཡི་གེ་	ཡི་གེ་	NOUN
ཧྲཱིཿ་		NON_WORD
དམར་པོ་	དམར་པོ་	ADJ
ཚེག་དྲག་	ཚེག་དྲག་	NO_POS
དང་	དང་	NO_POS
བཅས་པ་	བཅས་པ་	VERB
དེ་ལས་	དེ་ལས་	NO_POS
འོད་ཟེར་	འོད་ཟེར་	NOUN
འཕྲོ་	འཕྲོ་	NOUN
ས་	གིས་	PART
།		PUNCT
འཕགས་པ་	འཕགས་པ་	VERB
མཆོད་	མཆོད་	VERB
།		PUNCT
སེམས་ཅན་	སེམས་ཅན་	NOUN
ཐམས་ཅད་	ཐམས་ཅད་	DET
ལ་	ལ་	PART
ཕོག་	ཕོག་	VERB
།		PUNCT
སྡིག་པ་	སྡིག་པ་	VERB
དང་	དང་	NO_POS
སྒྲིབ་པ་	སྒྲིབ་པ་	VERB
ཐམས་ཅད་	ཐམས་ཅད་	DET
དག་	དག་	DET
ན་	ནས་	PART
ཇོ་མོ་	ཇོ་མོ་	NOUN
འི་	གི་	PART
སྐུ་	སྐུ་	NOUN
གྱུར་	གྱུར་	VERB
།		PUNCT
ཚུ་		
འདུ་	འདུ་	VERB
ཧྲཱིཿ་		NON_WORD
ལ་	ལ་	PART
ཐིམ་པ་	ཐིམ་པ་	VERB
ས་	གིས་	PART
ཆུ་	ཆུ་	NOUN
ལ་	ལ་	PART
ཉ་	ཉ་	NOUN
ལྡང་བ་	ལྡང་བ་	VERB
འི་	གི་	PART
ཚུལ་	ཚུལ་	NOUN
དུ་	ལ་	PART
རྗེ་བཙུན་	རྗེ་བཙུན་	NOUN
རྡོ་རྗེ་	རྡོ་རྗེ་	NOUN
རྣལ་འབྱོར་	རྣལ་འབྱོར་	NOUN
མ་	མ་	PART
འི་	གི་	PART
སྐུ་	སྐུ་	NOUN
གྱུར་པ་	གྱུར་པ་	VERB
ནི་	ནི་	NO_POS
།		PUNCT
དེ་ཡང་	དེ་ཡང་	ADV
ཆོ་	ཆོ་	NOUN
ཐམས་ཅད་	ཐམས་ཅད་	DET
ཆོ་	ཆོ་	NOUN
ཀྱི་	གི་	PART
སྐུ་	སྐུ་	NOUN
རོ་	རོ་	NOUN
གཅིག་པ་	གཅིག་པ་	ADJ
འི་	གི་	PART
ཕྱི་	ཕྱི་	OTHER
ཞལ་	ཞལ་	NOUN
གཅིག་	གཅིག་	NUM
དང་	དང་	NO_POS
ལྡན་པ་	ལྡན་པ་	VERB
།		PUNCT
ཐབས་	ཐབས་	NOUN
དང་	དང་	NO_POS
ཤེས་རབ་	ཤེས་རབ་	NOUN
ཟུང་	ཟུང་	VERB
དུ་	ལ་	PART
འཇུག་པ་	འཇུག་པ་	VERB
འི་	གི་	PART
ཕྱི་	ཕྱི་	OTHER
ཕྱག་	ཕྱག་	NOUN
གཉིས་	གཉིས་	NUM
དང་	དང་	NO_POS
ལྡན་པ་	ལྡན་པ་	VERB
།		PUNCT
རབ་ཏུ་	རབ་ཏུ་	NO_POS
འཇིགས་པ་	འཇིགས་པ་	VERB
འི་	གི་	PART
སྐུ་	སྐུ་	NOUN
བདུད་དཔུང་	བདུད་དཔུང་	NOUN
གི་	གི་	PART
ཚོགས་	ཚོགས་	NOUN
ལ་	ལ་	PART
ཁྲོ་	ཁྲོ་	VERB
ས་	གིས་	PART
ཤིང་	ཅིང་	PART
ཆེ་	ཆེ་	VERB
ར་	ལ་	PART
ཁྲོས་པ་	ཁྲོས་པ་	VERB
།		PUNCT
སྐུ་མདོག་	སྐུ་མདོག་	NOUN
དམར་	དམར་	VERB
ཞིང་	ཅིང་	PART
འོད་ཟེར་	འོད་ཟེར་	NOUN
རབ་ཏུ་	རབ་ཏུ་	NO_POS
འབར་བ་	འབར་བ་	VERB
ས་	གིས་	PART
སྟོང་གསུམ་	སྟོང་གསུམ་	OTHER
ཐམས་ཅད་	ཐམས་ཅད་	DET
ཁྱབ་	ཁྱབ་	VERB
ཅིང་	ཅིང་	PART
རྟེན་པ་	རྟེན་པ་	VERB
དང་	དང་	NO_POS
གཡོ་བ་	གཡོ་བ་	VERB
འི་	གི་	PART
བཅུད་	བཅུད་	NOUN
འཕྲོག་པ་	འཕྲོག་པ་	VERB
ར་	ལ་	PART
བྱེད་པ་	བྱེད་པ་	VERB
།		PUNCT
ཕྱག་	ཕྱག་	NOUN
གཉིས་	གཉིས་	NUM
ཀྱིས་	གིས་	PART
རྡོ་རྗེ་	རྡོ་རྗེ་	NOUN
འི་	གི་	PART
གྲི་གུག་	གྲི་གུག་	NOUN
དང་	དང་	NO_POS
ཐོད་ཁྲག་	ཐོད་ཁྲག་	NO_POS
བསྣམས་	བསྣམས་	NO_POS
ཤིང་ག་	ཤིང་ག་	NO_POS
ར་	ལ་	PART
སྟབས་	སྟབས་	NOUN
སུ་	ལ་	PART
འགྱིང་བ་	འགྱིང་བ་	VERB
།		PUNCT
ཡབ་	ཡབ་	NOUN
ཧེ་རུ་ཀ་	ཧེ་རུ་ཀ་	NOUN
སྦས་པ་	སྦས་པ་	VERB
འི་	གི་	PART
ཚུལ་	ཚུལ་	NOUN
དུ་	ལ་	PART
སྦྱོར་བ་	སྦྱོར་བ་	VERB
ས་	གིས་	PART
ཁ་	ཁ་	PRON
ཊྭཱཾ་		NON_WORD
ག་	ག་	PRON
མཆན་ཁུང་	མཆན་ཁུང་	NOUN
ན་	ལ་	PART
ཡ་	ཡ་	OTHER
བསྒྲེང་བ་	བསྒྲེང་བ་	VERB
།		PUNCT
བཅུ་དྲུག་	བཅུ་དྲུག་	NO_POS
ལོན་པ་	ལོན་པ་	VERB
འི་	གི་	PART
ན་ཚོད་	ན་ཚོད་	NOUN
ལྟ་	ལྟ་	OTHER
བཅུད་	བཅུད་	NOUN
ཀྱིས་	གིས་	PART
རྒྱ་	རྒྱ་	VERB
ཤིང་	ཅིང་	PART
ནུ་མ་	ནུ་མ་	NOUN
འབུར་བ་	འབུར་བ་	NO_POS
།		PUNCT
དུས་གསུམ་	དུས་གསུམ་	OTHER
མཁྱེན་	མཁྱེན་	VERB
ཕྱི་	ཕྱི་	OTHER
རབ་ཏུ་	རབ་ཏུ་	NO_POS
གཏུམ་པ་	གཏུམ་པ་	VERB
འི་	གི་	PART
སྤྱན་	སྤྱན་	NOUN
གསུམ་	གསུམ་	NUM
ཁྲག་	ཁྲག་	NOUN
ལྟ་	ལྟ་	OTHER
དམར་	དམར་	VERB
ཞིང་	ཅིང་	PART
ཟླུམ་	ཟླུམ་	NO_POS
ལ་	ལ་	PART
གཡོ་བ་	གཡོ་བ་	VERB
།		PUNCT
བདུད་	བདུད་	NOUN
བཞི་	བཞི་	NUM
འདུལ་བ་	འདུལ་བ་	VERB
འི་	གི་	PART
ཕྱི་	ཕྱི་	OTHER
ཁྲོ་གཉེར་	ཁྲོ་གཉེར་	NO_POS
དང་	དང་	NO_POS
མཆེ་བ་	མཆེ་བ་	NOUN
རྣམ་པ་	རྣམ་པ་	NOUN
ར་	ལ་	PART
བརྩིགས་	བརྩིགས་	NO_POS
ཤིང་	ཅིང་	PART
མ་མཆུ་	མ་མཆུ་	NO_POS
ཚེམས་	ཚེམས་	VERB
ཀྱིས་	གིས་	PART
མནན་པ་	མནན་པ་	VERB
།		PUNCT
དབུ་སྐྲ་	དབུ་སྐྲ་	OTHER
ཁམ་ནག་	ཁམ་ནག་	NO_POS
གྱེན་	གྱེན་	NOUN
དུ་	ལ་	PART
བརྫེས་པ་	བརྫེས་པ་	VERB
ལ་	ལ་	PART
རིགས་	རིགས་	NOUN
ལྔ་	ལྔ་	NUM
ས་	གིས་	PART
མཚན་པ་	མཚན་པ་	VERB
འི་	གི་	PART
ཕྱི་	ཕྱི་	OTHER
ཐོད་པ་	ཐོད་པ་	NOUN
སྐམ་པོ་	སྐམ་པོ་	ADJ
ལྔ་	ལྔ་	NUM
འི་	གི་	PART
ཕྲེང་བ་	ཕྲེང་བ་	NOUN
ས་	གིས་	PART
དབུ་	དབུ་	NOUN
ལ་	ལ་	PART
བརྒྱན་པ་	བརྒྱན་པ་	VERB
།		PUNCT
ཕ་རོལ་	ཕ་རོལ་	NOUN
ཏུ་	ལ་	PART
ཕྱིན་པ་	ཕྱིན་པ་	VERB
དྲུག་	དྲུག་	NUM
ཡོངས་སུ་	ཡོངས་སུ་	NO_POS
རྫོགས་པ་	རྫོགས་པ་	VERB
འི་	གི་	PART
ཕྱི་	ཕྱི་	OTHER
ཐལ་བ་	ཐལ་བ་	NOUN
སྤངས་པ་	སྤངས་པ་	VERB
འི་	གི་	PART
ཕྱག་རྒྱ་	ཕྱག་རྒྱ་	NOUN
ལྔ་	ལྔ་	NUM
ས་	གིས་	PART
བརྒྱན་པ་	བརྒྱན་པ་	VERB
།		PUNCT
འདུ་བྱེད་	འདུ་བྱེད་	NOUN
ལྔ་	ལྔ་	NUM
བཅུ་	བཅུ་	NUM
རྩ་	རྩ་	NUM
གཅིག་	གཅིག་	NUM
ཡོངས་སུ་	ཡོངས་སུ་	NO_POS
དག་པ་	དག་པ་	VERB
འི་	གི་	PART
ཕྱི་	ཕྱི་	OTHER
ཐོད་	ཐོད་	NOUN
རློན་	རློན་	NO_POS
ལྔ་	ལྔ་	NUM
བཅུ་	བཅུ་	NUM
རྩ་	རྩ་	NUM
གཅིག་	གཅིག་	NUM
གིས་	གིས་	PART
དོ་ཤལ་	དོ་ཤལ་	OTHER
བྱས་པ་	བྱས་པ་	VERB
།		PUNCT
མེ་ཏོག་	མེ་ཏོག་	NOUN
དམར་པོ་	དམར་པོ་	ADJ
འི་	གི་	PART
ཕྲེང་བ་	ཕྲེང་བ་	NOUN
དང་	དང་	NO_POS
དྲིལ་བུ་	དྲིལ་བུ་	NOUN
གཡེར་ཁ་	གཡེར་ཁ་	NO_POS
དང་རུས་་	དང་རུས་པ་	NO_POS
འི་	གི་	PART
རྒྱན་ཆ་	རྒྱན་ཆ་	NOUN
དུ་མ་	དུ་མ་	ADJ
ས་	གིས་	PART
བརྒྱན་པ་	བརྒྱན་པ་	VERB
།		PUNCT
འཁོར་འདས་	འཁོར་འདས་	NOUN
གཉིས་	གཉིས་	NUM
ཀྱི་	གི་	PART
མཐའ་	མཐའ་	NOUN
ལ་	ལ་	PART
མི་	མི་	PART
གནས་པ་	གནས་པ་	VERB
འི་	གི་	PART
ཕྱི་	ཕྱི་	OTHER
གདན་	གདན་	NOUN
པདྨ་	པདྨ་	NOUN
རོ་	རོ་	NOUN
དང་	དང་	NO_POS
ཉི་མ་	ཉི་མ་	NOUN
འི་	གི་	PART
དཀྱིལ་འཁོར་	དཀྱིལ་འཁོར་	NOUN
གྱི་	གི་	PART
སྟེང་	སྟེང་	NOUN
དུ་	ལ་	PART
ཞབས་	ཞབས་	NOUN
བརྐྱང་བསྐུམ་	བརྐྱང་བསྐུམ་	NO_POS
གྱི་	གི་	PART
གར་སྟབས་	གར་སྟབས་	NO_POS
སུ་	ལ་	PART
བཞུགས་པ་	བཞུགས་པ་	VERB
འོ་	གོ་	PART
། །		PUNCT
གཞུང་	གཞུང་	NOUN
དུ་	ལ་	PART
ཕྱོགས་	ཕྱོགས་	NOUN
ཀྱི་	གི་	PART
པདྨ་	པདྨ་	NOUN
འདབ་	འདབ་	OTHER
བཞི་	བཞི་	NUM
ལ་	ལ་	PART
། །		PUNCT
འབྱུང་	འབྱུང་	VERB
བཞི་	བཞི་	NUM
བསྐྱེད་པ་	བསྐྱེད་པ་	VERB
འི་	གི་	PART
ས་བོན་	ས་བོན་	NOUN
ལ་	ལ་	ADP
ས་	གིས་	PART
། །		PUNCT
རིགས་བཞི་	རིགས་བཞི་	NO_POS
མཁའ་འགྲོ་	མཁའ་འགྲོ་	NOUN
རྣམ་	རྣམ་	NOUN
བཞི་	བཞི་	NUM
བསྐྱེད་	བསྐྱེད་	VERB
། །		PUNCT
ཅེས་	ཅེས་	PART
དང་	དང་	NO_POS
།		PUNCT
ཞལ་གདམས་	ཞལ་གདམས་	NOUN
ཀྱི་	གི་	PART
ཐོག་མ་	ཐོག་མ་	NOUN
ར་	ལ་	PART
།		PUNCT
དེ་	དེ་	DET
འི་	གི་	PART
ཤ་	ཤ་	VERB
དུ་	ལ་	PART
ཧ་ལ་	ཧ་ལ་	NO_POS
ས་	གིས་	PART
རྡོ་རྗེ་	རྡོ་རྗེ་	NOUN
མཁའ་འགྲོ་	མཁའ་འགྲོ་	NOUN
མ་	མ་	PART
སྐུ་མདོག་	སྐུ་མདོག་	NOUN
སྔོན་མོ་	སྔོན་མོ་	OTHER
།		PUNCT
ལྷོ་	ལྷོ་	NOUN
ར་	ལ་	PART
རི་	རི་	NOUN
ལ་	ལ་	ADP
ས་	གིས་	PART
རིན་ཆེན་	རིན་ཆེན་	OTHER
མཁའ་འགྲོ་	མཁའ་འགྲོ་	NOUN
མ་	མ་	PART
སྐུ་མདོག་	སྐུ་མདོག་	NOUN
སེར་མོ་	སེར་མོ་	ADJ
།		PUNCT
ནུབ་	ནུབ་	ADV
ཏུ་	ལ་	PART
ནི་ལ་	ནི་ལ་	NO_POS
ས་	གིས་	PART
པདྨ་	པདྨ་	NOUN
མཁའ་འགྲོ་	མཁའ་འགྲོ་	NOUN
མ་	མ་	PART
སྐུ་མདོག་	སྐུ་མདོག་	NOUN
དམར་མོ་	དམར་མོ་	ADJ
།		PUNCT
བྱང་	བྱང་	NOUN
དུ་	ལ་	PART
ས་ལས་	ས་ལས་	NO_POS
ལ་	ལ་	ADP
ས་	གིས་	PART
ཀྱི་	གི་	PART
མཁའ་འགྲོ་	མཁའ་འགྲོ་	NOUN
མ་	མ་	PART
སྐུ་མདོག་	སྐུ་མདོག་	NOUN
ལྗང་ཁུ་	ལྗང་ཁུ་	NO_POS
།		PUNCT
དེ་	སྟེ་	PART
ཐམས་ཅད་	ཐམས་ཅད་	DET
ཀྱང་	ཀྱང་	PART
ཞལ་	ཞལ་	NOUN
གཅིག་	གཅིག་	NUM
ཕྱག་	ཕྱག་	NOUN
གཉིས་	གཉིས་	NUM
།		PUNCT
གཡས་པ་	གཡས་པ་	VERB
རྣམས་	རྣམས་	DET
ཀྱིས་	གིས་	PART
རྡོ་རྗེ་	རྡོ་རྗེ་	NOUN
དང་	དང་	NO_POS
།		PUNCT
རིན་པོ་ཆེ་	རིན་པོ་ཆེ་	ADJ
དང་	དང་	NO_POS
།		PUNCT
པདྨ་	པདྨ་	NOUN
དང་	དང་	NO_POS
།		PUNCT
རལ་གྲི་	རལ་གྲི་	NOUN
ས་	གིས་	PART
མཚན་པ་	མཚན་པ་	VERB
འི་	གི་	PART
གྲི་གུག་	གྲི་གུག་	NOUN
བསྣམས་པ་	བསྣམས་པ་	NO_POS
།		PUNCT
གཡོན་པ་	གཡོན་པ་	ADJ
རྣམས་	རྣམས་	DET
ཀྱིས་	གིས་	PART
ཐོད་པ་	ཐོད་པ་	NOUN
བདུད་རྩི་	བདུད་རྩི་	NOUN
ས་	གིས་	PART
བཀང་བ་	བཀང་བ་	VERB
བསྣམས་པ་	བསྣམས་པ་	NO_POS
།		PUNCT
གྲུ་མོ་	གྲུ་མོ་	NOUN
ན་ཁ་	ན་ཁ་	NO_POS
ཊྭཱཾ་		NON_WORD
ག་	ག་	PRON
ཡོད་པ་	ཡོད་པ་	VERB
།		PUNCT
རྒྱན་ཆ་	རྒྱན་ཆ་	NOUN
ལུགས་	ལུགས་	NOUN
ཐམས་ཅད་	ཐམས་ཅད་	DET
གཙོ་	གཙོ་	NOUN
མོ་	གོ་	PART
དང་	དང་	NO_POS
མཚུངས་པ་	མཚུངས་པ་	VERB
འོ་	གོ་	PART
། །		PUNCT
གཙོ་	གཙོ་	NOUN
མོ་	མོ་	PRON
འི་	གི་	PART
གསང་གནས་	གསང་གནས་	NO_POS
སུ་	ལ་	PART
ཆོས་འབྱུང་	ཆོས་འབྱུང་	NOUN
གྲུ་གསུམ་	གྲུ་གསུམ་	NOUN
མེ་	མེ་	NOUN
འི་	གི་	PART
དཀྱིལ་འཁོར་	དཀྱིལ་འཁོར་	NOUN
ལྟ་བུ་	ལྟ་བུ་	NOUN
འི་	གི་	PART
དབུ་	དབུ་	NOUN
སུ་	ལ་	PART
ཡི་གེ་	ཡི་གེ་	NOUN
ཧྲཱིཿ་		NON_WORD
དམར་པོ་	དམར་པོ་	ADJ
འཁོར་	འཁོར་	NOUN
གྱི་	གི་	PART
མཁའ་འགྲོ་	མཁའ་འགྲོ་	NOUN
མ་	མ་	PART
བཞི་	བཞི་	NUM
འི་	གི་	PART
ཐུགས་ཀ་	ཐུགས་ཀ་	NOUN
ར་	ལ་	PART
ཧ་རི་	ཧ་རི་	NO_POS
ནི་	ནི་	NO_POS
ས་	ས་	ADP
ཡི་གེ་	ཡི་གེ་	NOUN
ལྔ་	ལྔ་	NUM
ལ་	ལ་	ADP
ས་	གིས་	PART
འོད་ཟེར་	འོད་ཟེར་	NOUN
འཕྲོས་པ་	འཕྲོས་པ་	VERB
ས་	གིས་	PART
།		PUNCT
ཨོ་རྒྱན་	ཨོ་རྒྱན་	PROPN
གྱི་	གི་	PART
གནས་	གནས་	NOUN
ན་	ནས་	PART
རྗེ་བཙུན་	རྗེ་བཙུན་	NOUN
རྡོ་རྗེ་	རྡོ་རྗེ་	NOUN
རྣལ་འབྱོར་	རྣལ་འབྱོར་	NOUN
མ་	མ་	PART
རིགས་བཞི་	རིགས་བཞི་	NO_POS
མཁའ་འགྲོ་	མཁའ་འགྲོ་	NOUN
འི་	གི་	PART
ཚོགས་	ཚོགས་	NOUN
དང་	དང་	NO_POS
བཅས་པ་	བཅས་པ་	VERB
ལ་	ལ་	PART
བླ་མ་	བླ་མ་	NOUN
ཡི་དམ་	ཡི་དམ་	NOUN
སངས་རྒྱས་	སངས་རྒྱས་	NOUN
བྱང་ཆུབ་	བྱང་ཆུབ་	NOUN
སེམས་དཔ་	སེམས་དཔའ་	NOUN
འི་	གི་	PART
ཚོགས་	ཚོགས་	NOUN
དཔག་	དཔག་	VERB
ཏུ་	ལ་	PART
མེད་པ་	མེད་པ་	VERB
ས་	གིས་	PART
བསྐོར་བ་	བསྐོར་བ་	VERB
མདུན་	མདུན་	NOUN
གྱི་	གི་	PART
ནམ་མཁ་	ནམ་མཁའ་	NOUN
འི་	གི་	PART
གནས་	གནས་	NOUN
སུ་	ལ་	PART
བཛྲ་	བཛྲ་	NO_POS
ས་	ས་	ADP
མཱ་	མཱ་	NO_POS
ཛཿ་		NON_WORD
ཧཱུྃ་		NON_WORD
།		PUNCT
སྣང་བ་	སྣང་བ་	VERB
ཆོས་སྐུ་	ཆོས་སྐུ་	NOUN
འི་	གི་	PART
གཞལ་ཡས་	གཞལ་ཡས་	ADJ
ན་	ནས་	PART
། །		PUNCT
རྩ་བ་	རྩ་བ་	NOUN
འི་	གི་	PART
བླ་མ་	བླ་མ་	NOUN
གཤེགས་	གཤེགས་	VERB
སུ་	ལ་	PART
གསོལ་	གསོལ་	VERB
། །		PUNCT
ཆོས་དབྱིངས་	ཆོས་དབྱིངས་	NOUN
དག་པ་	དག་པ་	VERB
འི་	གི་	PART
གཞལ་ཡས་	གཞལ་ཡས་	ADJ
ན་	ནས་	PART
། །		PUNCT
བཀའ་	བཀའ་	NOUN
བརྒྱུད་	བརྒྱུད་	NO_POS
བླ་མ་	བླ་མ་	NOUN
གཤེགས་	གཤེགས་	VERB
སུ་	ལ་	PART
གསོལ་	གསོལ་	VERB
། །		PUNCT
ཆོས་སྐུ་	ཆོས་སྐུ་	NOUN
སྤྲོས་བྲལ་	སྤྲོས་བྲལ་	ADJ
དག་པ་	དག་པ་	VERB
ལ་	ལ་	PART
། །		PUNCT
ལོངས་སྐུ་	ལོངས་སྐུ་	NOUN
སྒྱུ་མ་	སྒྱུ་མ་	NOUN
འི་	གི་	PART
སྐུ་	སྐུ་	NOUN
བསྟན་པ་	བསྟན་པ་	VERB
། །		PUNCT
མཁའ་འགྲོ་	མཁའ་འགྲོ་	NOUN
འི་	གི་	PART
ཚོགས་	ཚོགས་	NOUN
བཅའ་	བཅའ་	VERB
རྣལ་འབྱོར་	རྣལ་འབྱོར་	NOUN
མ་	མ་	PART
། །		PUNCT
ཕྱག་རྒྱ་	ཕྱག་རྒྱ་	NOUN
ཆེན་པོ་	ཆེན་པོ་	ADJ
འི་	གི་	PART
དབྱིངས་	དབྱིངས་	NOUN
ན་	ནས་	PART
བཞེངས་	བཞེངས་	NO_POS
། །		PUNCT
སེམས་ཅན་	སེམས་ཅན་	NOUN
དོན་	དོན་	NOUN
ལ་	ལ་	PART
དགོངས་	དགོངས་	VERB
མཛོད་	མཛོད་	NOUN
ལ་	ལ་	PART
། །		PUNCT
སྐད་ཅིག་	སྐད་ཅིག་	OTHER
ཙམ་	ཙམ་	DET
གྱིས་	གིས་	PART
གཤེགས་	གཤེགས་	VERB
སུ་	ལ་	PART
གསོལ་	གསོལ་	VERB
། །		PUNCT
མི་	མི་	PART
འགྱུར་	འགྱུར་	VERB
གནས་པ་	གནས་པ་	VERB
འི་	གི་	PART
གཞལ་ཡས་	གཞལ་ཡས་	ADJ
ན་	ནས་	PART
། །		PUNCT
རྡོ་རྗེ་	རྡོ་རྗེ་	NOUN
མཁའ་འགྲོ་	མཁའ་འགྲོ་	NOUN
གཤེགས་	གཤེགས་	VERB
སུ་	ལ་	PART
གསོལ་	གསོལ་	VERB
། །		PUNCT
བདེ་ཆེན་	བདེ་ཆེན་	NOUN
དག་པ་	དག་པ་	VERB
འི་	གི་	PART
གཞལ་ཡས་	གཞལ་ཡས་	ADJ
ན་	ནས་	PART
། །		PUNCT
སངས་རྒྱས་	སངས་རྒྱས་	NOUN
མཁའ་འགྲོ་	མཁའ་འགྲོ་	NOUN
གཤེགས་	གཤེགས་	VERB
སུ་	ལ་	PART
གསོལ་	གསོལ་	VERB
། །		PUNCT
གཏེར་	གཏེར་	NOUN
འབྱུང་	འབྱུང་	VERB
ཡིད་བཞིན་	ཡིད་བཞིན་	OTHER
གཞལ་ཡས་	གཞལ་ཡས་	ADJ
ན་	ནས་	PART
། །		PUNCT
རིན་ཆེན་	རིན་ཆེན་	OTHER
མཁའ་འགྲོ་	མཁའ་འགྲོ་	NOUN
གཤེགས་	གཤེགས་	VERB
སུ་	ལ་	PART
གསོལ་	གསོལ་	VERB
། །		PUNCT
ཤེས་རབ་	ཤེས་རབ་	NOUN
བཙུན་མོ་	བཙུན་མོ་	NOUN
འི་	གི་	PART
བྷ་	བྷ་	NO_POS
ག་	ག་	PRON
ན་	ནས་	PART
། །		PUNCT
པདྨ་	པདྨ་	NOUN
མཁའ་འགྲོ་	མཁའ་འགྲོ་	NOUN
གཤེགས་	གཤེགས་	VERB
སུ་	ལ་	PART
གསོལ་	གསོལ་	VERB
། །		PUNCT
མཆོད་རྟེན་	མཆོད་རྟེན་	NOUN
དཀར་པོ་	དཀར་པོ་	ADJ
འི་	གི་	PART
དཔལ་	དཔལ་	OTHER
གྲག་	གྲག་	VERB
ན་	ནས་	PART
། །		PUNCT
སྣ་ཚོགས་	སྣ་ཚོགས་	DET
མཁའ་འགྲོ་	མཁའ་འགྲོ་	NOUN
གཤེགས་	གཤེགས་	VERB
སུ་	ལ་	PART
གསོལ་	གསོལ་	VERB
། །		PUNCT
དུར་ཁྲོད་	དུར་ཁྲོད་	NOUN
ཆེན་པོ་	ཆེན་པོ་	ADJ
འི་	གི་	PART
གནས་	གནས་	NOUN
བརྒྱད་	བརྒྱད་	NUM
ན་	ནས་	PART
། །		PUNCT
ལ་	ལ་	ADP
ས་	གིས་	PART
ཀྱི་	གི་	PART
མཁའ་འགྲོ་	མཁའ་འགྲོ་	NOUN
གཤེགས་	གཤེགས་	VERB
སུ་	ལ་	PART
གསོལ་	གསོལ་	VERB
། །		PUNCT
རོ་ལངས་	རོ་ལངས་	OTHER
འཁྲུག་པ་	འཁྲུག་པ་	VERB
འི་	གི་	PART
དུར་ཁྲོད་	དུར་ཁྲོད་	NOUN
ན་	ནས་	PART
། །		PUNCT
འཇིག་རྟེན་	འཇིག་རྟེན་	NOUN
མཁའ་འགྲོ་	མཁའ་འགྲོ་	NOUN
གཤེགས་	གཤེགས་	VERB
སུ་	ལ་	PART
གསོལ་	གསོལ་	VERB
། །		PUNCT
སྟེང་འོག་	སྟེང་འོག་	NOUN
ཕྱོགས་མཚམས་	ཕྱོགས་མཚམས་	NOUN
སོ་སོ་	སོ་སོ་	PRON
ན་	ནས་	PART
། །		PUNCT
ཆོས་སྐྱོང་	ཆོས་སྐྱོང་	NOUN
སྲུང་མ་	སྲུང་མ་	NOUN
གཤེགས་	གཤེགས་	VERB
སུ་	ལ་	PART
གསོལ་	གསོལ་	VERB
། །		PUNCT
ཨོཾ་	ཨོཾ་	X
ཨེ་	ཨེ་	PART
ཨཱ་	ཨཱ་	NO_POS
ར་	ར་	ADP
ལི་	ལི་	OTHER
ཧོཿ་		NON_WORD
བཛྲ་	བཛྲ་	NO_POS
ཝཱརཱ་		NON_WORD
ཧཱི་		NON_WORD
།		PUNCT
ཛཿ་		NON_WORD
ཧཱུྃ་		NON_WORD
བྃ་		NON_WORD
ཧོ་	ཧོ་	NO_POS
།		PUNCT
བུདྡྷཱ་		NON_WORD
ཌཱ་ཀི་	ཌཱ་ཀི་	NOUN
ནཱི་		NON_WORD
ཡེ་	ཡེ་	ADV
།		PUNCT
བཛྲ་	བཛྲ་	NO_POS
ཌཱ་ཀི་	ཌཱ་ཀི་	NOUN
ནཱི་		NON_WORD
ཡེ་	ཡེ་	ADV
།		PUNCT
རཏྣ་		NON_WORD
ཌཱ་ཀི་	ཌཱ་ཀི་	NOUN
ནཱི་		NON_WORD
ཡེ་	ཡེ་	ADV
།		PUNCT
པདྨ་	པདྨ་	NOUN
ཌཱ་ཀི་	ཌཱ་ཀི་	NOUN
ནཱི་		NON_WORD
ཡེ་	ཡེ་	ADV
།		PUNCT
ཀརྨ་	ཀརྨ་	NO_POS
ཌཱ་ཀི་	ཌཱ་ཀི་	NOUN
ནཱི་		NON_WORD
ཡེ་	ཡེ་	ADV
།		PUNCT
བི་	བི་	NO_POS
ཤྭོ་		NON_WORD
ཌཱ་ཀི་	ཌཱ་ཀི་	NOUN
ནཱི་		NON_WORD
ཡེ་	ཡེ་	ADV
།		PUNCT
ལོ་	གོ་	PART
ཀཱ་	ཀཱ་	NO_POS
ཌཱ་ཀི་	ཌཱ་ཀི་	NOUN
ནཱི་		NON_WORD
ཡེ་	ཡེ་	ADV
།		PUNCT
ས་	ས་	ADP
མ་	མ་	PART
ཡ་	ཡ་	NOUN
སྟྭཾ་		NON_WORD
།		PUNCT
དྲྀ་		NON_WORD
ཤྱ་		NON_WORD
ཧོ་	ཧོ་	NO_POS
།		PUNCT
ཕེཾ་		NON_WORD
ཕེཾ་		NON_WORD
ཕེཾ་		NON_WORD
།		PUNCT
བཅོམ་ལྡན་	བཅོམ་ལྡན་	NOUN
འདི་	འདི་	DET
ར་	ལ་	PART
ནི་	ནི་	NO_POS
བྱོན་པ་	བྱོན་པ་	VERB
ལེགས་	ལེགས་	VERB
། །		PUNCT
བདག་ཅག་	བདག་ཅག་	PRON
བསོད་ནམས་	བསོད་ནམས་	NOUN
སྐལ་པ་	སྐལ་པ་	NOUN
ར་	ལ་	PART
ལྡན་	ལྡན་	VERB
། །		PUNCT
བདག་	བདག་	PRON
གི་	གི་	PART
མཆོད་ཡོན་	མཆོད་ཡོན་	OTHER
བཞེས་	བཞེས་	VERB
སླད་	སླད་	NOUN
དུ་	ལ་	PART
། །		PUNCT
འདི་ཉིད་	འདི་ཉིད་	OTHER
དུ་	ལ་	PART
ནི་	ནི་	NO_POS
བཞུགས་	བཞུགས་	VERB
སུ་	ལ་	PART
གསོལ་	གསོལ་	VERB
། །		PUNCT
སྟོང་གསུམ་	སྟོང་གསུམ་	OTHER
ཀུན་	ཀུན་	DET
དང་	དང་	NO_POS
མཉམ་པ་	མཉམ་པ་	VERB
ཡི་	གི་	PART
། །		PUNCT
པདྨ་	པདྨ་	NOUN
འདབ་	འདབ་	OTHER
བརྒྱད་	བརྒྱད་	NUM
གེ་སར་	གེ་སར་	PROPN
བཅའ་	བཅའ་	VERB
། །		PUNCT
བདེ་	བདེ་	VERB
ཞིང་	ཅིང་	PART
ཡངས་པ་	ཡངས་པ་	ADJ
ར་	ལ་	PART
འབུལ་	འབུལ་	NO_POS
ལགས་	ལགས་	AUX
ན་	ལ་	PART
། །		PUNCT
ཅི་	ཅི་	NO_POS
བདེ་	བདེ་	VERB
ར་	ལ་	PART
བ་	བ་	NOUN
ནི་	ནི་	NO_POS
བཞུགས་	བཞུགས་	VERB
སུ་	ལ་	PART
གསོལ་	གསོལ་	VERB
། །		PUNCT
ཨོཾ་	ཨོཾ་	X
ཤྲཱི་		NON_WORD
བཛྲ་	བཛྲ་	NO_POS
ཝཱརཱ་		NON_WORD
ཧཱི་		NON_WORD
པདྨ་	པདྨ་	NOUN
ཀ་མ་ལ་	ཀ་མ་ལ་	NO_POS
ཡེ་	ཡེ་	ADV
སྟྭཾ་		NON_WORD
།		PUNCT
ཨོཾ་	ཨོཾ་	X
ཤྲཱི་		NON_WORD
བཛྲ་	བཛྲ་	NO_POS
ཝཱརཱ་		NON_WORD
ཧཱི་		NON_WORD
བཛྲ་	བཛྲ་	NO_POS
ཨརྒྷཾ་		NON_WORD
པྲ་	པྲ་	NOUN
ཏཱིཙྪ་		NON_WORD
སྭཱཧཱ་		NON_WORD
།		PUNCT
ཨོཾ་	ཨོཾ་	X
བཛྲ་	བཛྲ་	NO_POS
པུཥྤེ་		NON_WORD
།		PUNCT
དྷཱུ་		NON_WORD
པེ་	པེ་	NO_POS
།		PUNCT
ཨཱ་	ཨཱ་	NO_POS
ལོ་	གོ་	PART
ཀེ་	ཀེ་	PROPN
།		PUNCT
གནྡྷེ་		NON_WORD
།		PUNCT
ནཻ་		NON_WORD
ཝིདྱེ་		NON_WORD
།		PUNCT
ཤབྡ་		NON_WORD
ཨཱཿ་		NON_WORD
ཧཱུྃ་		NON_WORD
།		PUNCT
བཛྲ་	བཛྲ་	NO_POS
ཝཱརཱ་		NON_WORD
ཧཱི་		NON_WORD
།		PUNCT
ཨོཾ་	ཨོཾ་	X
ཨཱཿ་		NON_WORD
ཧཱུྃ་		NON_WORD
།		PUNCT
བུདྡྷ་		NON_WORD
ཌཱ་ཀི་	ཌཱ་ཀི་	NOUN
ནཱི་		NON_WORD
ཡེ་	ཡེ་	ADV
།		PUNCT
ཨོཾ་	ཨོཾ་	X
ཨཱཿ་		NON_WORD
ཧཱུྃ་		NON_WORD
།		PUNCT
བཛྲ་	བཛྲ་	NO_POS
ཌཱ་ཀི་	ཌཱ་ཀི་	NOUN
ནཱི་		NON_WORD
ཡེ་	ཡེ་	ADV
།		PUNCT
ཨོཾ་	ཨོཾ་	X
ཨཱཿ་		NON_WORD
ཧཱུྃ་		NON_WORD
།		PUNCT
རཏྣ་		NON_WORD
ཌཱ་ཀི་	ཌཱ་ཀི་	NOUN
ནཱི་		NON_WORD
ཡེ་	ཡེ་	ADV
།		PUNCT
ཨོཾ་	ཨོཾ་	X
ཨཱཿ་		NON_WORD
ཧཱུྃ་		NON_WORD
།		PUNCT
པདྨ་	པདྨ་	NOUN
ཌཱ་ཀི་	ཌཱ་ཀི་	NOUN
ནཱི་		NON_WORD
ཡེ་	ཡེ་	ADV
།		PUNCT
ཨོཾ་	ཨོཾ་	X
ཨཱཿ་		NON_WORD
ཧཱུྃ་		NON_WORD
།		PUNCT
ཀརྨ་	ཀརྨ་	NO_POS
ཌཱ་ཀི་	ཌཱ་ཀི་	NOUN
ནཱི་		NON_WORD
ཡེ་	ཡེ་	ADV
།		PUNCT
ཨོཾ་	ཨོཾ་	X
ཨཱཿ་		NON_WORD
ཧཱུྃ་		NON_WORD
།		PUNCT
བི་	བི་	NO_POS
ཤྭ་	ཤྭ་	NO_POS
ཌཱ་ཀི་	ཌཱ་ཀི་	NOUN
ནཱི་		NON_WORD
ཡེ་	ཡེ་	ADV
།		PUNCT
ཨོཾ་	ཨོཾ་	X
ཨཱཿ་		NON_WORD
ཧཱུྃ་		NON_WORD
།		PUNCT
ལོ་ཀ་	ལོ་ཀ་	NO_POS
ཌཱ་ཀི་	ཌཱ་ཀི་	NOUN
ནཱི་		NON_WORD
ཡེ་	ཡེ་	ADV
།		PUNCT
ཨོཾ་	ཨོཾ་	X
ཨཱཿ་		NON_WORD
ཧཱུྃ་		NON_WORD
གིས་	གིས་	PART
ནང་མཆོད་	ནང་མཆོད་	NOUN
ཀྱང་	ཀྱང་	PART
འབུལ་	འབུལ་	NO_POS
།		PUNCT
དེ་	སྟེ་	PART
རྣམས་	རྣམས་	DET
ཀྱི་	གི་	PART
སྐུ་	སྐུ་	NOUN
ལ་	ལ་	ADP
ས་	གིས་	PART
རྗེ་བཙུན་	རྗེ་བཙུན་	NOUN
མ་	མ་	PART
གཙོ་འཁོར་	གཙོ་འཁོར་	OTHER
གྱི་	གི་	PART
སྐུ་	སྐུ་	NOUN
དཔག་	དཔག་	VERB
ཏུ་	ལ་	PART
མེད་པ་	མེད་པ་	VERB
བྱོན་	བྱོན་	VERB
།		PUNCT
སྤྱི་བོ་	སྤྱི་བོ་	NOUN
ར་	ལ་	PART
ཐིམ་	ཐིམ་	NO_POS
།		PUNCT
བདེ་བ་	བདེ་བ་	VERB
དང་	དང་	NO_POS
ནུས་པ་	ནུས་པ་	VERB
བསྐྱེད་	བསྐྱེད་	VERB
།		PUNCT
དེ་	སྟེ་	PART
རྣམས་	རྣམས་	DET
ཀྱི་	གི་	PART
གསུང་	གསུང་	VERB
ལ་	ལ་	ADP
ས་	གིས་	PART
སྔགས་	སྔགས་	NOUN
ཨཱ་ལི་	ཨཱ་ལི་	NOUN
ཀཱ་ལི་	ཀཱ་ལི་	OTHER
དཀར་པོ་	དཀར་པོ་	ADJ
དང་	དང་	NO_POS
དམར་པོ་	དམར་པོ་	ADJ
འི་	གི་	PART
ཕྲེང་བ་	ཕྲེང་བ་	NOUN
བྱུང་	བྱུང་	VERB
།		PUNCT
མགྲིན་པ་	མགྲིན་པ་	NOUN
ར་	ལ་	PART
ཐིམ་	ཐིམ་	NO_POS
།		PUNCT
མཐུ་	མཐུ་	NOUN
དང་	དང་	NO_POS
ནུས་པ་	ནུས་པ་	VERB
བསྐྱེད་	བསྐྱེད་	VERB
།		PUNCT
དེ་	སྟེ་	PART
རྣམས་	རྣམས་	DET
ཀྱི་	གི་	PART
ཐུགས་ལས་	ཐུགས་ལས་	NOUN
བྱང་ཆུབ་	བྱང་ཆུབ་	NOUN
སེམས་	སེམས་	NOUN
ཀྱི་	གི་	PART
ཆུ་རྒྱུན་	ཆུ་རྒྱུན་	NOUN
ཡེ་ཤེས་	ཡེ་ཤེས་	NOUN
ལྔ་	ལྔ་	NUM
འི་	གི་	PART
རང་བཞིན་	རང་བཞིན་	NOUN
བྱོན་	བྱོན་	VERB
།		PUNCT
སྙིང་ག་	སྙིང་ག་	NOUN
ར་	ལ་	PART
ཐིམ་	ཐིམ་	NO_POS
།		PUNCT
བདེ་སྟོང་	བདེ་སྟོང་	NOUN
གི་	གི་	PART
ཡེ་ཤེས་	ཡེ་ཤེས་	NOUN
རྒྱུད་	རྒྱུད་	NOUN
ལ་	ལ་	PART
སྐྱེ་	སྐྱེ་	VERB
།		PUNCT
ལྷ་མོ་	ལྷ་མོ་	NOUN
དེ་	སྟེ་	PART
རྣམས་	རྣམས་	DET
རང་རང་	རང་རང་	NO_POS
གི་	གི་	PART
སྐུ་	སྐུ་	NOUN
ལ་	ལ་	PART
ཐིམ་པ་	ཐིམ་པ་	VERB
ས་	གིས་	PART
གཉིས་	གཉིས་	NUM
སུ་	ལ་	PART
མེད་པ་	མེད་པ་	VERB
ར་	ལ་	PART
གྱུར་	གྱུར་	VERB
།		PUNCT
མདུན་བསྐྱེད་	མདུན་བསྐྱེད་	NOUN
ལ་	ལ་	PART
དམིགས་པ་	དམིགས་པ་	VERB
འི་	གི་	PART
བཟླས་པ་	བཟླས་པ་	VERB
བྱ་	བྱ་	VERB
།		PUNCT
ཨོཾ་	ཨོཾ་	X
བཛྲ་	བཛྲ་	NO_POS
བཻ་	བཻ་	NO_POS
རོ་ཙ་	རོ་ཙ་	OTHER
ནཱི་		NON_WORD
ཡེ་	ཡེ་	ADV
ཧ་རི་	ཧ་རི་	NO_POS
ནི་	ནི་	NO_POS
ས་	ས་	ADP
ཧཱུྃ་		NON_WORD
ཧཱུྃ་		NON_WORD
ཕཊ་		NON_WORD
སྭཱཧཱ་		NON_WORD
།		PUNCT
མཆོད་	མཆོད་	VERB
བཞི་	བཞི་	NUM
བཟླས་པ་	བཟླས་པ་	VERB
གྲུབ་	གྲུབ་	VERB
ན་	ནས་	PART
སྟེགས་	སྟེགས་	NOUN
ཀྱི་	གི་	PART
ཁ་	ཁ་	PRON
ར་	ལ་	PART
མཆོད་	མཆོད་	VERB
ཁ་གསོས་	ཁ་གསོས་	NO_POS
ལ་	ལ་	PART
།		PUNCT
ཨོཾ་	ཨོཾ་	X
ཤྲཱི་		NON_WORD
བཛྲ་	བཛྲ་	NO_POS
ཝ་	ཝ་	OTHER
ར་	ར་	ADP
ཧཱི་		NON_WORD
བཛྲ་	བཛྲ་	NO_POS
ཨརྒྷཾ་		NON_WORD
པྲ་	པྲ་	NOUN
ཏིཙྪ་		NON_WORD
སྭཱ་		NON_WORD
ཧཱ་		NON_WORD
།		PUNCT
པུཥྤེ་		NON_WORD
།		PUNCT
དྷཱུཔེ་		NON_WORD
།		PUNCT
ཨ་	ཨ་	X
ལོ་	གོ་	PART
ཀེ་	ཀེ་	PROPN
།		PUNCT
གནྡྷེ་		NON_WORD
།		PUNCT
ནཻ་		NON_WORD
ཝིདྱ་		NON_WORD
།		PUNCT
ཤབྡ་		NON_WORD
།		PUNCT
པཉྩ་	པཉྩ་	NO_POS
ཨ་	ཨ་	X
མྲྀ་		NON_WORD
ཏ་	ཏ་	OTHER
།		PUNCT
མ་	མ་	PART
ཏངྒི་		NON_WORD
དང་	དང་	NO_POS
།		PUNCT
དཔལ་ལྡན་	དཔལ་ལྡན་	ADJ
རྡོ་རྗེ་	རྡོ་རྗེ་	NOUN
མཁའ་འགྲོ་	མཁའ་འགྲོ་	NOUN
མ་	མ་	PART
། །		PUNCT
མཁའ་འགྲོ་	མཁའ་འགྲོ་	NOUN
མ་	མ་	PART
ཡི་	གི་	PART
འཁོར་ལོ་	འཁོར་ལོ་	NOUN
སྒྱུ་	སྒྱུ་	VERB
། །		PUNCT
ཡེ་ཤེས་	ཡེ་ཤེས་	NOUN
ལྔ་	ལྔ་	NUM
དང་	དང་	NO_POS
སྐུ་གསུང་ཐུགས་	སྐུ་གསུང་ཐུགས་	NOUN
། །		PUNCT
འགྲོ་བ་	འགྲོ་བ་	VERB
སྐྱོབ་	སྐྱོབ་	VERB
ལ་	ལ་	PART
༴		PUNCT
ཇི་སྙེད་	ཇི་སྙེད་	OTHER
རྡོ་རྗེ་	རྡོ་རྗེ་	NOUN
མཁའ་འགྲོ་	མཁའ་འགྲོ་	NOUN
མ་	མ་	PART
། །		PUNCT
ཀུན་	ཀུན་	DET
ཏུ་	ལ་	PART
རྟོག་པ་	རྟོག་པ་	VERB
འཆིང་	འཆིང་	NO_POS
གཅོད་	གཅོད་	NO_POS
ཅིང་	ཅིང་	PART
། །		PUNCT
འཇིག་རྟེན་	འཇིག་རྟེན་	NOUN
བྱ་བ་	བྱ་བ་	VERB
རབ་	རབ་	ADV
འཇུག་མ་	འཇུག་མ་	NO_POS
། །		PUNCT
དེ་སྙེད་	དེ་སྙེད་	NO_POS
རྣམས་	རྣམས་	DET
ལ་	ལ་	PART
༴		PUNCT
ལྟེ་བ་	ལྟེ་བ་	NOUN
འི་	གི་	PART
དབུ་	དབུ་	NOUN
ན་	ནས་	PART
འབྱུང་	འབྱུང་	VERB
བཞི་	བཞི་	NUM
འཕྲོ་	འཕྲོ་	NOUN
། །		PUNCT
ཆོ་	ཆོ་	NOUN
དང་	དང་	NO_POS
ལོངས་སྤྱོད་	ལོངས་སྤྱོད་	NOUN
རྫོགས་པ་	རྫོགས་པ་	VERB
ར་	ལ་	PART
ལྡན་	ལྡན་	VERB
། །		PUNCT
མཁའ་འགྲོ་	མཁའ་འགྲོ་	NOUN
མ་	མ་	PART
རྣམས་	རྣམས་	DET
སྡུད་	སྡུད་	VERB
མཛད་	མཛད་	VERB
མ་	མ་	PART
། །		PUNCT
རྗེ་བཙུན་	རྗེ་བཙུན་	NOUN
མ་ལ་	མ་ལ་	INTJ
ཕྱག་	ཕྱག་	NOUN
འཚལ་	འཚལ་	VERB
བསྟོད་	བསྟོད་	VERB
། །		PUNCT
ཅེས་པ་	ཅེས་པ་	PART
ས་	གིས་	PART
བསྟོད་	བསྟོད་	VERB
།		PUNCT
སློབ་དཔོན་	སློབ་དཔོན་	NOUN
གྱིས་	གིས་	PART
སྤོ་	སྤོ་	NOUN
དང་	དང་	NO_POS
རྡོར་དྲིལ་	རྡོར་དྲིལ་	NO_POS
འཛིན་	འཛིན་	VERB
ཅིང་	ཅིང་	PART
ཐལ་མོ་	ཐལ་མོ་	NOUN
སྦྱར་	སྦྱར་	VERB
ན་	ནས་	PART
།		PUNCT
རྡོ་རྗེ་	རྡོ་རྗེ་	NOUN
འཛིན་པ་	འཛིན་པ་	VERB
བདག་	བདག་	PRON
གིས་	གིས་	PART
ཕྱོགས་	ཕྱོགས་	NOUN
འདི་	འདི་	DET
ར་	ལ་	PART
བཅོམ་ལྡན་འདས་	བཅོམ་ལྡན་འདས་	NOUN
མ་	མ་	PART
འི་	གི་	PART
དཀྱིལ་འཁོར་	དཀྱིལ་འཁོར་	NOUN
འབྲི་	འབྲི་	VERB
ཞིང་	ཅིང་	PART
དངོས་གྲུབ་	དངོས་གྲུབ་	NOUN
སྒྲུབ་པ་	སྒྲུབ་པ་	VERB
ར་	ལ་	PART
འདོད་པ་	འདོད་པ་	VERB
ས་	གིས་	PART
རྗེས་སུ་	རྗེས་སུ་	OTHER
གནང་བ་	གནང་བ་	NO_POS
སྩལ་	སྩལ་	VERB
ཞིང་	ཅིང་	PART
བྱིན་	བྱིན་	VERB
གྱིས་	གིས་	PART
བརླབ་པ་	བརླབ་པ་	VERB
ར་	ལ་	PART
མཛད་	མཛད་	VERB
དུ་	ལ་	PART
གསོལ་	གསོལ་	VERB
།		PUNCT
ཅེས་	ཅེས་	PART
ལན་	ལན་	NOUN
གསུམ་	གསུམ་	NUM
གྱིས་	གིས་	PART
གསོལ་བ་	གསོལ་བ་	VERB
བཏབ་	བཏབ་	VERB
།		PUNCT
ཕྱོགས་	ཕྱོགས་	NOUN
འདི་	འདི་	DET
ར་	ལ་	PART
དཀྱིལ་འཁོར་	དཀྱིལ་འཁོར་	NOUN
བྲིས་	བྲིས་	VERB
ལ་	ལ་	PART
རང་གཞན་	རང་གཞན་	NOUN
གྱི་	གི་	PART
དོན་	དོན་	NOUN
རྒྱ་ཆེན་པོ་	རྒྱ་ཆེན་པོ་	ADJ
གྱིས་	གིས་	PART
ཤིག་	ཅིག་	PART
།		PUNCT
ཅེས་	ཅེས་	PART
གནང་བ་	གནང་བ་	NO_POS
བྱིན་པ་	བྱིན་པ་	VERB
ར་	ལ་	PART
གྱུར་	གྱུར་	VERB
།		PUNCT
སླར་ཡང་	སླར་ཡང་	OTHER
།		PUNCT
ཨོཾ་	ཨོཾ་	X
ཤྲཱི་		NON_WORD
བཛྲ་	བཛྲ་	NO_POS
ཝ་	ཝ་	OTHER
ར་	ར་	ADP
ཧཱི་		NON_WORD
བཛྲ་	བཛྲ་	NO_POS
ཨརྒྷཾ་		NON_WORD
པྲ་	པྲ་	NOUN
ཏིཙྪ་		NON_WORD
སྭཱ་		NON_WORD
ཧཱ་		NON_WORD
།		PUNCT
པུཥྤེ་		NON_WORD
།		PUNCT
དྷཱུཔེ་		NON_WORD
།		PUNCT
ཨ་	ཨ་	X
ལོ་	གོ་	PART
ཀེ་	ཀེ་	PROPN
།		PUNCT
གནྡྷེ་		NON_WORD
།		PUNCT
ནཻ་		NON_WORD
ཝིདྱ་		NON_WORD
།		PUNCT
ཤབྡ་		NON_WORD
།		PUNCT
པཉྩ་	པཉྩ་	NO_POS
ཨ་	ཨ་	X
མྲྀ་		NON_WORD
ཏ་	ཏ་	OTHER
།		PUNCT
མ་	མ་	PART
ཏངྒི་		NON_WORD
དང་	དང་	NO_POS
།		PUNCT
ཨོཾ་	ཨོཾ་	X
བཅོམ་ལྡན་	བཅོམ་ལྡན་	NOUN
རྣམ་ཀུན་	རྣམ་ཀུན་	NO_POS
རྡོ་རྗེ་	རྡོ་རྗེ་	NOUN
ཕག་མོ་	ཕག་མོ་	PROPN
ཆེ་	ཆེ་	VERB
། །		PUNCT
འཇིག་རྟེན་	འཇིག་རྟེན་	NOUN
གསུམ་	གསུམ་	NUM
གཞན་	གཞན་	DET
རྒོལ་བ་	རྒོལ་བ་	VERB
ས་	གིས་	PART
མི་	མི་	PART
ཚུགས་ཤིང་	ཚུགས་ཤིང་	NOUN
། །		PUNCT
འབྱུང་པོ་	འབྱུང་པོ་	NOUN
འི་	གི་	PART
འཇིགས་པ་	འཇིགས་པ་	VERB
མ་	མ་	PART
ལུས་	ལུས་	NOUN
རྡོ་རྗེ་	རྡོ་རྗེ་	NOUN
ཕག་མོ་	ཕག་མོ་	PROPN
ས་	གིས་	PART
འཇོམས་	འཇོམས་	NO_POS
། །		PUNCT
རྡོ་རྗེ་	རྡོ་རྗེ་	NOUN
གདན་	གདན་	NOUN
བཞུགས་	བཞུགས་	VERB
ཚངས་པ་	ཚངས་པ་	PROPN
ལ་	ལ་	ADP
ས་	གིས་	PART
རྒྱལ་	རྒྱལ་	VERB
ཞིང་	ཅིང་	PART
། །		PUNCT
བདུད་	བདུད་	NOUN
ཀྱི་	གི་	PART
འཇིགས་པ་	འཇིགས་པ་	VERB
མ་	མ་	PART
ལུས་	ལུས་	NOUN
སྐེམས་	སྐེམས་	NO_POS
ཤིང་	ཅིང་	PART
ཕམ་	ཕམ་	NO_POS
མཛད་	མཛད་	VERB
མ་	མ་	PART
། །		PUNCT
སྐྱེ་	སྐྱེ་	VERB
གནས་	གནས་	NOUN
འབྱུང་བ་	འབྱུང་བ་	VERB
ཀུན་	ཀུན་	DET
གྱི་	གི་	PART
རང་བཞིན་	རང་བཞིན་	NOUN
གཟུགས་	གཟུགས་	NOUN
། །		PUNCT
ས་	ས་	ADP
གསུམ་	གསུམ་	NUM
དབང་ཕྱུག་	དབང་ཕྱུག་	NOUN
ཆོ་	ཆོ་	NOUN
རྣམས་	རྣམས་	DET
ཡོངས་རྫོགས་	ཡོངས་རྫོགས་	OTHER
མཛད་	མཛད་	VERB
། །		PUNCT
རྣལ་འབྱོར་	རྣལ་འབྱོར་	NOUN
འདོད་པ་	འདོད་པ་	VERB
འི་	གི་	PART
དབང་ཕྱུག་	དབང་ཕྱུག་	NOUN
མ་ལ་	མ་ལ་	INTJ
འདུད་	འདུད་	NO_POS
། །		PUNCT
ཅེས་པ་	ཅེས་པ་	PART
ས་	གིས་	PART
བསྟོད་	བསྟོད་	VERB
།		PUNCT
རྟེན་	རྟེན་	NOUN
དང་	དང་	NO_POS
བརྟེན་པ་	བརྟེན་པ་	VERB
ར་	ལ་	PART
བཅས་པ་	བཅས་པ་	VERB
འི་	གི་	PART
ནམ་མཁ་	ནམ་མཁའ་	NOUN
འི་	གི་	PART
ཁམས་	ཁམས་	NOUN
དེ་ཉིད་	དེ་ཉིད་	NOUN
དུ་	ལ་	PART
བཞུགས་པ་	བཞུགས་པ་	VERB
ར་	ལ་	PART
གྱུར་	གྱུར་	VERB
།		PUNCT
བསོད་ནམས་	བསོད་ནམས་	NOUN
འདི་	འདི་	DET
ཡི་	གིས་	PART
ཐམས་ཅད་	ཐམས་ཅད་	DET
གཟིགས་པ་	གཟིགས་པ་	VERB
ཉིད་	ཉིད་	DET
། །		PUNCT
ཐོབ་	ཐོབ་	VERB
ན་	ནས་	PART
ཉེས་པ་	ཉེས་པ་	VERB
འི་	གི་	PART
དགྲ་	དགྲ་	NOUN
རྣམས་	རྣམས་	DET
ཕམ་	ཕམ་	NO_POS
བྱ་	བྱ་	VERB
ན་	ནས་	PART
། །		PUNCT
སྐྱེ་	སྐྱེ་	NOUN
རྒ་	རྒ་	NO_POS
ན་	ལ་	PART
འཆི་	འཆི་	VERB
འི་	གི་	PART
རྦ་རླབས་	རྦ་རླབས་	OTHER
འཁྲུགས་པ་	འཁྲུགས་པ་	VERB
ཡི་	གི་	PART
། །		PUNCT
སྲིད་པ་	སྲིད་པ་	VERB
འི་	གི་	PART
མཚོ་	མཚོ་	NOUN
ལ་	ལ་	ADP
ས་	གིས་	PART
འགྲོ་བ་	འགྲོ་བ་	VERB
སྒྲོལ་བ་	སྒྲོལ་བ་	VERB
ར་	ལ་	PART
ཤོག་	ཤོག་	VERB
དེ་ནས་	དེ་ནས་	NO_POS
ཐིག་	ཐིག་	NOUN
གདབ་	གདབ་	NO_POS
ཅིང་	ཅིང་	PART
རྡུལ་	རྡུལ་	NOUN
མཚོན་	མཚོན་	NOUN
གྱི་	གི་	PART
བྱ་བ་	བྱ་བ་	VERB
སོགས་	སོགས་	DET
ལེགས་པ་	ལེགས་པ་	VERB
ར་	ལ་	PART
གྲུབ་	གྲུབ་	VERB
ན་	ནས་	PART
།		PUNCT
ལྷག་ཆད་	ལྷག་ཆད་	NOUN
བརྟག་	བརྟག་	VERB
ཅིང་	ཅིང་	PART
སློབ་དཔོན་	སློབ་དཔོན་	NOUN
གྱིས་	གིས་	PART
ཡིག་བརྒྱ་	ཡིག་བརྒྱ་	NO_POS
གསུང་	གསུང་	VERB
ཞིང་	ཅིང་	PART
བསྐོར་བ་	བསྐོར་བ་	VERB
གསུམ་	གསུམ་	NUM
གྱི་	གི་	PART
མཐ་	མཐའ་	NOUN
ར་	ལ་	PART
།		PUNCT
ནམ་མཁ་	ནམ་མཁའ་	NOUN
ར་	ལ་	PART
བཞུགས་པ་	བཞུགས་པ་	VERB
འི་	གི་	PART
སྟ་གོན་	སྟ་གོན་	NOUN
གྱི་	གི་	PART
ལྷ་	ལྷ་	NOUN
འི་	གི་	PART
དཀྱིལ་འཁོར་	དཀྱིལ་འཁོར་	NOUN
རྟེན་	རྟེན་	NOUN
དང་	དང་	NO_POS
བརྟེན་པ་	བརྟེན་པ་	VERB
ར་	ལ་	PART
བཅས་པ་	བཅས་པ་	VERB
རྡུལ་ཚོན་	རྡུལ་ཚོན་	NOUN
གྱི་	གི་	PART
དཀྱིལ་འཁོར་	དཀྱིལ་འཁོར་	NOUN
ལ་	ལ་	PART
ཐིམ་པ་	ཐིམ་པ་	VERB
ས་	གིས་	PART
དོན་དམ་	དོན་དམ་	NOUN
ཡེ་ཤེས་	ཡེ་ཤེས་	NOUN
ཀྱི་	གི་	PART
དཀྱིལ་འཁོར་	དཀྱིལ་འཁོར་	NOUN
གྱི་	གི་	PART
ངོ་བོ་	ངོ་བོ་	NOUN
ཉིད་	ཉིད་	DET
དུ་	ལ་	PART
གྱུར་	གྱུར་	VERB
།		PUNCT
རྡོ་རྗེ་	རྡོ་རྗེ་	NOUN
བསྡུ་བ་	བསྡུ་བ་	VERB
འི་	གི་	PART
རྒྱ་	རྒྱ་	VERB
།		PUNCT
ཨོཾ་	ཨོཾ་	X
ཤྲཱིཿ་		NON_WORD
བཛྲ་	བཛྲ་	NO_POS
ཝཱ་	ཝཱ་	NO_POS
རཱ་	རཱ་	NO_POS
ཧཱི་		NON_WORD
ས་པ་	ས་པ་	NOUN
རི་	རི་	NOUN
ཝཱར་		NON_WORD
བཛྲ་	བཛྲ་	NO_POS
ས་	ས་	ADP
མ་	མ་	PART
ཡ་	ཡ་	NOUN
ཛཿ་		NON_WORD
ཛཿ་		NON_WORD
ཧཱུྃ་		NON_WORD
བཾ་		NON_WORD
ཧོཿ་		NON_WORD
ཞེ་	ཅེས་	PART
བསྟིམ་	བསྟིམ་	NO_POS
མོ་	གོ་	PART
།		PUNCT
དེ་ནས་	དེ་ནས་	NO_POS
དཀྱིལ་འཁོར་	དཀྱིལ་འཁོར་	NOUN
ནུབ་	ནུབ་	ADV
ཏུ་	ལ་	PART
ཕུག་	ཕུག་	NOUN
གཏོ་	གཏོ་	VERB
།		PUNCT
ཤར་ལྷོ་	ཤར་ལྷོ་	NOUN
ན་	ནས་	PART
བཟུང་	བཟུང་	NO_POS
མཆོད་པ་	མཆོད་པ་	VERB
གཡོན་	གཡོན་	NOUN
བསྐོར་	བསྐོར་	VERB
། ༈ །		PUNCT
ཤ་	ཤ་	VERB
དུ་	ལ་	PART
བདུད་རྩི་	བདུད་རྩི་	NOUN
།		PUNCT
སྔོན་	སྔོན་	ADV
གཏོ་	གཏོ་	VERB
ལས་བུམ་	ལས་བུམ་	NO_POS
མིང་	མིང་	NOUN
དབང་	དབང་	NOUN
གྲི་གུག་	གྲི་གུག་	NOUN
རྡོ་རྗེ་	རྡོ་རྗེ་	NOUN
། ༈ །		PUNCT
ལྷོ་	ལྷོ་	NOUN
ར་	ལ་	PART
དབུ་རྒྱན་	དབུ་རྒྱན་	NOUN
ད་	ད་	NOUN
དཔྱང་	དཔྱང་	NO_POS
རིན་པོ་ཆེ་	རིན་པོ་ཆེ་	ADJ
། ༈ །		PUNCT
ནུབ་	ནུབ་	ADV
ཏུ་	ལ་	PART
རྡོ་རྗེ་	རྡོ་རྗེ་	NOUN
པདྨ་	པདྨ་	NOUN
། ༈ །		PUNCT
བྱང་	བྱང་	NOUN
དུ་	ལ་	PART
དྲིལ་བུ་	དྲིལ་བུ་	NOUN
རལ་གྲི་	རལ་གྲི་	NOUN
། ༈ །		PUNCT
དབུ་	དབུ་	NOUN
སུ་	ལ་	PART
བུམ་པ་	བུམ་པ་	NOUN
མགུལ་	མགུལ་	NOUN
ཆིང་	ཆིང་	NO_POS
དམར་པོ་	དམར་པོ་	ADJ
།		PUNCT
རྐང་གསུམ་	རྐང་གསུམ་	NO_POS
སྟེང་	སྟེང་	NOUN
དུ་	ལ་	PART
ཐོད་པ་	ཐོད་པ་	NOUN
བདུད་རྩི་	བདུད་རྩི་	NOUN
བཅའ་	བཅའ་	VERB
།		PUNCT
དེ་	སྟེ་	PART
སྟེང་	སྟེང་	NOUN
མེ་ལོང་	མེ་ལོང་	NOUN
ནང་ངོས་	ནང་ངོས་	NO_POS
ལ་	ལ་	PART
ཆོས་འབྱུང་	ཆོས་འབྱུང་	NOUN
པདྨ་	པདྨ་	NOUN
བྲིས་པ་	བྲིས་པ་	VERB
འི་	གི་	PART
ལྟེ་བ་	ལྟེ་བ་	NOUN
ར་	ལ་	PART
ཧྲཱིཿ་		NON_WORD
ལ་	ལ་	PART
།		PUNCT
ཨོཾ་	ཨོཾ་	X
བཛྲ་	བཛྲ་	NO_POS
བཻ་	བཻ་	NO_POS
རོ་ཙ་	རོ་ཙ་	OTHER
ནི་	ནི་	NO_POS
ཡེ་	ཡེ་	ADV
ཧ་རི་	ཧ་རི་	NO_POS
ནི་	ནི་	NO_POS
ས་རི་	ས་རི་	NO_POS
ནི་	ནི་	NO_POS
ཧ་ས་	ཧ་ས་	NO_POS
ས་	ས་	ADP
ནི་	ནི་	NO_POS
རི་	རི་	NOUN
ཧ་ས་	ཧ་ས་	NO_POS
རི་	རི་	NOUN
ནི་	ནི་	NO_POS
ཧ་	ཧ་	NOUN
ཨ་	ཨ་	X
ཀརྵ་		NON_WORD
ཡ་	ཡ་	NOUN
ཧྲཱིཿ་		NON_WORD
ཛཿ་		NON_WORD
ཞེ་	ཅེས་	PART
གཡོན་	གཡོན་	NOUN
བསྐོར་	བསྐོར་	VERB
དུ་	ལ་	PART
བྲིས་པ་	བྲིས་པ་	VERB
མཁའ་	མཁའ་	NOUN
གྲོ་	གྲོ་	NOUN
དབང་	དབང་	NOUN
བསྡུད་	བསྡུད་	NO_POS
ཡིན་	ཡིན་	NO_POS
།		PUNCT
མེ་ལོང་	མེ་ལོང་	NOUN
ཕྱི་	ཕྱི་	OTHER
ངོ་	ངོ་	NOUN
སུ་	ལ་	PART
སིནྡྷུ་		NON_WORD
རི་	རི་	NOUN
འི་	གི་	PART
དཀྱིལ་འཁོར་	དཀྱིལ་འཁོར་	NOUN
བྲིས་	བྲིས་	VERB
།		PUNCT
དེ་	དེ་	DET
འི་	གི་	PART
སྟེང་	སྟེང་	NOUN
དུ་	ལ་	PART
ད་	ད་	NOUN
དམར་	དམར་	VERB
གྱི་	གི་	PART
དཀྱིལ་འཁོར་	དཀྱིལ་འཁོར་	NOUN
དབུབ་	དབུབ་	NO_POS
གཟུངས་	གཟུངས་	NOUN
རྡོ་		
བཞག་	བཞག་	VERB
གོསྒྲུབ་པ་	གོསྒྲུབ་པ་	NON_WORD
འི་	གི་	PART
སྐབས་	སྐབས་	NOUN
དཀྱིལ་འཁོར་	དཀྱིལ་འཁོར་	NOUN
དྲུག་	དྲུག་	NUM
རྩེགས་	རྩེགས་	NO_POS
གོརྡོ་		NON_WORD
རྗེ་	རྗེ་	NO_POS
ཕག་མོ་	ཕག་མོ་	PROPN
འི་	གི་	PART
རྡུལ་	རྡུལ་	NOUN
མཚོན་	མཚོན་	NOUN
བསྡུ་བ་	བསྡུ་བ་	VERB
འི་	གི་	PART
སྐབས་	སྐབས་	NOUN
།		PUNCT
ལྷག་མ་	ལྷག་མ་	NOUN
ཕུལ་	ཕུལ་	VERB
གྲུབ་	གྲུབ་	VERB
ན་	ནས་	PART
མཆོད་བསྟོད་	མཆོད་བསྟོད་	NOUN
རྒྱས་པ་	རྒྱས་པ་	VERB
ནི་	ནི་	NO_POS
། ༈		PUNCT
རྒྱལ་བ་	རྒྱལ་བ་	NOUN
འི་	གི་	PART
སྐུ་	སྐུ་	NOUN
ལ་	ལ་	PART
ཉོན་མོངས་	ཉོན་མོངས་	NOUN
མི་	མི་	PART
མངའ་	མངའ་	VERB
ཡང་	ཀྱང་	PART
། །		PUNCT
སེམས་ཅན་	སེམས་ཅན་	NOUN
ཉོན་མོངས་	ཉོན་མོངས་	NOUN
བག་ཆགས་	བག་ཆགས་	NOUN
སྦྱངས་	སྦྱངས་	VERB
སླད་	སླད་	NOUN
དུ་	ལ་	PART
། །		PUNCT
སྐུ་གསུང་ཐུགས་	སྐུ་གསུང་ཐུགས་	NOUN
ལ་	ལ་	PART
ཁྲུ་	ཁྲུ་	NOUN
ཆབ་	ཆབ་	NOUN
འདི་	འདི་	DET
གསོལ་བ་	གསོལ་བ་	VERB
ས་	གིས་	PART
། །		PUNCT
ཁམས་	ཁམས་	NOUN
གསུམ་	གསུམ་	NUM
གནས་པ་	གནས་པ་	VERB
འི་	གི་	PART
དྲི་མ་	དྲི་མ་	NOUN
དག་	དག་	DET
གྱུར་ཅིག་	གྱུར་ཅིག་	NO_POS
།		PUNCT
ཨོཾ་	ཨོཾ་	X
ཤྲཱི་		NON_WORD
བཛྲ་	བཛྲ་	NO_POS
ཝཱ་	ཝཱ་	NO_POS
རཱ་	རཱ་	NO_POS
ཧཱི་		NON_WORD
བཛྲ་	བཛྲ་	NO_POS
ཨརྒྷཾ་		NON_WORD
པྲ་	པྲ་	NOUN
ཏཱིཙྪ་		NON_WORD
པཱུ་		NON_WORD
ཛ་	ཛ་	OTHER
མེ་	མེ་	NOUN
གྷ་		NON_WORD
ས་	ས་	ADP
མུ་	མུ་	NOUN
དྲ་	དྲ་	NO_POS
སྥ་		NON_WORD
ར་	ར་	ADP
ཎ་		NON_WORD
ས་	ས་	ADP
མ་	མ་	PART
ཡེ་	ཡེ་	ADV
ཨཱཿ་		NON_WORD
ཧཱུྃ་		NON_WORD
།		PUNCT
དཀྱིལ་འཁོར་	དཀྱིལ་འཁོར་	NOUN
ཀུན་	ཀུན་	DET
ཏུ་	ལ་	PART
རྒྱལ་བ་	རྒྱལ་བ་	NOUN
མཉེས་	མཉེས་	VERB
གྱུར་པ་	གྱུར་པ་	VERB
འི་	གི་	PART
། །		PUNCT
ལྷ་རྫས་	ལྷ་རྫས་	NOUN
དབྱིབས་	དབྱིབས་	NOUN
ལེགས་	ལེགས་	VERB
མེ་ཏོག་	མེ་ཏོག་	NOUN
དམ་པ་	དམ་པ་	VERB
འདི་	འདི་	DET
། །		PUNCT
ནམ་མཁའ་	ནམ་མཁའ་	NOUN
གང་བ་	གང་བ་	VERB
ར་	ལ་	PART
སེམས་	སེམས་	NOUN
ཀྱིས་	གིས་	PART
མངོན་	མངོན་	VERB
སྤྲུལ་	སྤྲུལ་	VERB
ན་	ནས་	PART
། །		PUNCT
གཞལ་ཡས་	གཞལ་ཡས་	ADJ
ཁང་	ཁང་	NOUN
དུ་སྤྲིན་	དུ་སྤྲིན་	NO_POS
བཞིན་	བཞིན་	NOUN
བཏིབས་		NON_WORD
གྱུར་ཅིག་	གྱུར་ཅིག་	NO_POS
།		PUNCT
ཨོཾ་	ཨོཾ་	X
ཤྲཱི་		NON_WORD
བཛྲ་	བཛྲ་	NO_POS
ཝཱ་	ཝཱ་	NO_POS
རཱ་	རཱ་	NO_POS
ཧཱི་		NON_WORD
བཛྲ་	བཛྲ་	NO_POS
པུཥྤེ་		NON_WORD
སོགས་	སོགས་	DET
།		PUNCT
ཚུལ་ཁྲིམས་	ཚུལ་ཁྲིམས་	NOUN
དྲི་ལྡན་	དྲི་ལྡན་	NO_POS
སྤོ་	སྤོ་	NOUN
མཆོག་	མཆོག་	ADJ
དམ་པ་	དམ་པ་	VERB
འདི་	འདི་	DET
། །		PUNCT
ཏིང་འཛིན་	ཏིང་འཛིན་	NOUN
སྔགས་	སྔགས་	NOUN
དང་	དང་	NO_POS
ཕྱག་རྒྱ་	ཕྱག་རྒྱ་	NOUN
ས་	གིས་	PART
བྱིན་	བྱིན་	VERB
བརླབས་	བརླབས་	NO_POS
ན་	ནས་	PART
། །		PUNCT
སངས་རྒྱས་	སངས་རྒྱས་	NOUN
ཞིང་	ཅིང་	PART
དུ་	ལ་	PART
སྤོས་དྲི་	སྤོས་དྲི་	NO_POS
ངད་	ངད་	NO_POS
ལྡང་བ་	ལྡང་བ་	VERB
ས་	གིས་	PART
། །		PUNCT
རྒྱལ་བ་	རྒྱལ་བ་	NOUN
རྒྱ་མཚོ་	རྒྱ་མཚོ་	NOUN
འི་	གི་	PART
ཚོགས་	ཚོགས་	NOUN
རྣམས་	རྣམས་	DET
མཉེས་	མཉེས་	VERB
གྱུར་ཅིག་	གྱུར་ཅིག་	NO_POS
།		PUNCT
དྷཱུ་		NON_WORD
པེ་	པེ་	NO_POS
།		PUNCT
ཉོན་མོངས་	ཉོན་མོངས་	NOUN
དུག་	དུག་	NOUN
སྲེག་	སྲེག་	NO_POS
མ་རིག་	མ་རིག་	NOUN
མུན་སེལ་བ་	མུན་སེལ་བ་	NOUN
འི་	གི་	PART
། །		PUNCT
ཤེས་རབ་	ཤེས་རབ་	NOUN
གཟི་	གཟི་	OTHER
ལྡན་	ལྡན་	VERB
དཔལ་	དཔལ་	OTHER
གྱི་	གི་	PART
སྒྲོན་མེ་	སྒྲོན་མེ་	NOUN
འདི་	འདི་	DET
། །		PUNCT
སྤྲིན་	སྤྲིན་	NOUN
མེད་	མེད་	VERB
མཁའ་	མཁའ་	NOUN
ལ་	ལ་	PART
ཉི་ཤར་	ཉི་ཤར་	NO_POS
ཇི་བཞིན་	ཇི་བཞིན་	OTHER
དུ་	ལ་	PART
། །		PUNCT
འོད་ཟེར་	འོད་ཟེར་	NOUN
སྣང་བ་	སྣང་བ་	VERB
ས་	གིས་	PART
ཕྱོགས་	ཕྱོགས་	NOUN
བཅུ་		
གསལ་	གསལ་	VERB
གྱུར་ཅིག་	གྱུར་ཅིག་	NO_POS
།		PUNCT
ཨཱ་	ཨཱ་	NO_POS
ལོ་	གོ་	PART
ཀེ་	ཀེ་	PROPN
།		PUNCT
སྟོང་གསུམ་	སྟོང་གསུམ་	OTHER
ཀུན་	ཀུན་	DET
ཏུ་	ལ་	PART
དྲི་	དྲི་	NOUN
དང་	དང་	NO_POS
ངད་ལྡན་པ་	ངད་ལྡན་པ་	ADJ
འི་	གི་	PART
། །		PUNCT
སྤོ་	སྤོ་	NOUN
དང་	དང་	NO_POS
སྨན་	སྨན་	NOUN
སྦྱར་	སྦྱར་	VERB
ཆུ་	ཆུ་	NOUN
གཙང་	གཙང་	PROPN
རྒྱལ་བ་	རྒྱལ་བ་	NOUN
འི་	གི་	PART
ཁྲུ་	ཁྲུ་	NOUN
། །		PUNCT
ཡེ་ཤེས་	ཡེ་ཤེས་	NOUN
སྤྲིན་ཕུང་	སྤྲིན་ཕུང་	NOUN
ཐུགས་རྗེ་	ཐུགས་རྗེ་	NOUN
འི་	གི་	PART
ཆར་རྒྱུན་	ཆར་རྒྱུན་	OTHER
གྱིས་	གིས་	PART
། །		PUNCT
མི་གཙང་	མི་གཙང་	NO_POS
དྲི་མ་	དྲི་མ་	NOUN
འི་	གི་	PART
ཚོགས་	ཚོགས་	NOUN
རྣམས་	རྣམས་	DET
དག་	དག་	DET
གྱུར་ཅིག་	གྱུར་ཅིག་	NO_POS
།		PUNCT
གནྡྷེ་		NON_WORD
།		PUNCT
རྒྱལ་བ་	རྒྱལ་བ་	NOUN
འི་	གི་	PART
སྐུ་	སྐུ་	NOUN
ལ་	ལ་	PART
བཀྲེས་པ་	བཀྲེས་པ་	VERB
མི་	མི་	PART
མངའ་	མངའ་	VERB
ཡང་	ཀྱང་	PART
། །		PUNCT
འགྲོ་བ་	འགྲོ་བ་	VERB
འི་	གི་	PART
དོན་	དོན་	NOUN
དུ་	ལ་	PART
ལྷ་རྫས་	ལྷ་རྫས་	NOUN
བདུད་རྩི་	བདུད་རྩི་	NOUN
འི་	གི་	PART
བཤོས་	བཤོས་	VERB
། །		PUNCT
དག་	དག་	DET
ཅིང་	ཅིང་	PART
གཙང་མ་	གཙང་མ་	ADJ
བཤམས་	བཤམས་	NO_POS
ཏེ་	སྟེ་	PART
འབུལ་	འབུལ་	NO_POS
ལགས་	ལགས་	AUX
ན་	ལ་	PART
། །		PUNCT
བསོད་ནམས་	བསོད་ནམས་	NOUN
ཞིང་	ཅིང་	PART
གྱུར་	གྱུར་	VERB
རྣམས་	རྣམས་	DET
ཀྱིས་	གིས་	PART
བཞེས་	བཞེས་	VERB
སུ་	ལ་	PART
གསོལ་	གསོལ་	VERB
། །		PUNCT
ནཻ་		NON_WORD
ཝིདྱེ་		NON_WORD
།		PUNCT
དྲིལ་ཆེན་	དྲིལ་ཆེན་	NO_POS
སིལ་སྙན་	སིལ་སྙན་	NOUN
རྣམ་གྲོལ་	རྣམ་གྲོལ་	NOUN
ཚངས་པ་	ཚངས་པ་	PROPN
འི་	གི་	PART
དབྱངས་	དབྱངས་	NOUN
། །		PUNCT
བསམ་	བསམ་	NOUN
དག་	དག་	DET
ངག་	ངག་	NOUN
གིས་	གིས་	PART
བསྟོད་	བསྟོད་	VERB
དེ་	སྟེ་	PART
གུ་	གུ་	VERB
མཆོད་འབུལ་	མཆོད་འབུལ་	NOUN
། །		PUNCT
ས་བཅུ་	ས་བཅུ་	NO_POS
རིམ་གྱིས་	རིམ་གྱིས་	NO_POS
བགྲོད་	བགྲོད་	VERB
ན་	ནས་	PART
སངས་རྒྱས་	སངས་རྒྱས་	NOUN
ས་	ས་	ADP
ར་	ལ་	PART
། །		PUNCT
ཚོགས་	ཚོགས་	NOUN
གཉིས་	གཉིས་	NUM
རྫོགས་	རྫོགས་	VERB
ན་	ནས་	PART
ཆོ་	ཆོ་	NOUN
ཀྱི་	གི་	PART
རྒྱལ་པོ་	རྒྱལ་པོ་	NOUN
ར་	ལ་	PART
ཤོག་	ཤོག་	VERB
།		PUNCT
ཤབྡ་		NON_WORD
།		PUNCT
པཉྩ་	པཉྩ་	NO_POS
ཨ་	ཨ་	X
མྲཱྀ་		NON_WORD
ཏ་	ཏ་	OTHER
ཨཱཿ་		NON_WORD
ཧཱུྃ་		NON_WORD
།		PUNCT
བཛྲ་	བཛྲ་	NO_POS
མ་	མ་	PART
ཏངྒི་		NON_WORD
ཨཱ་	ཨཱ་	NO_POS
ཧཱུྃ་		NON_WORD
།		PUNCT
ཧྲཱིཿ་		NON_WORD
ཞལ་	ཞལ་	NOUN
གཅིག་	གཅིག་	NUM
སྤྱན་	སྤྱན་	NOUN
གསུམ་	གསུམ་	NUM
ལྗགས་	ལྗགས་	NOUN
འདྲིལ་	འདྲིལ་	NO_POS
ཞིང་	ཅིང་	PART
། །		PUNCT
ཞལ་	ཞལ་	NOUN
གདངས་	གདངས་	NOUN
མཆེ་བ་	མཆེ་བ་	NOUN
རྣམ་པ་	རྣམ་པ་	NOUN
ར་	ལ་	PART
གཙིགས་	གཙིགས་	NO_POS
། །		PUNCT
སྐུ་མདོག་	སྐུ་མདོག་	NOUN
རབ་	རབ་	ADV
དམར་	དམར་	VERB
འོད་ཟེར་	འོད་ཟེར་	NOUN
འབའ་	འབའ་	VERB
། །		PUNCT
སྣང་སྟོང་	སྣང་སྟོང་	NO_POS
སྐྱེ་	སྐྱེ་	NOUN
མེད་	མེད་	VERB
སྐུ་	སྐུ་	NOUN
ལ་	ལ་	PART
བསྟོད་	བསྟོད་	VERB
། །		PUNCT
འཛུམ་པ་	འཛུམ་པ་	VERB
འི་	གི་	PART
མདངས་ལྡན་	མདངས་ལྡན་	NO_POS
བཞད་པ་	བཞད་པ་	PROPN
འི་	གི་	PART
ཞལ་	ཞལ་	NOUN
། །		PUNCT
གསུང་	གསུང་	VERB
དབྱངས་	དབྱངས་	NOUN
ཡན་ལག་	ཡན་ལག་	NOUN
དྲུག་ཅུ་	དྲུག་ཅུ་	NUM
ཡི་	གིས་	PART
། །		PUNCT
ཧཱུྃ་		NON_WORD
ཕཊ་		NON_WORD
ལ་སོགས་	ལ་སོགས་	NO_POS
སྒྲ་	སྒྲ་	NOUN
སྒྲོགས་	སྒྲོགས་	VERB
མ་	མ་	PART
། །		PUNCT
གྲག་	གྲག་	VERB
སྟོང་	སྟོང་	NUM
དབྱེ་	དབྱེ་	VERB
ར་	ལ་	PART
མེད་	མེད་	VERB
གསུང་	གསུང་	VERB
ལ་	ལ་	PART
བསྟོད་	བསྟོད་	VERB
། །		PUNCT
གཡའ་	གཡའ་	NOUN
བསྐུམ་	བསྐུམ་	NO_POS
གཡོན་	གཡོན་	NOUN
བརྐྱང་	བརྐྱང་	NO_POS
འཇིགས་བྱེད་	འཇིགས་བྱེད་	OTHER
དང་	དང་	NO_POS
། །		PUNCT
དུས་	དུས་	NOUN
མཚན་	མཚན་	NOUN
བསྒྱེལ་བ་	བསྒྱེལ་བ་	NO_POS
འི་	གི་	PART
གདན་	གདན་	NOUN
སྟེང་	སྟེང་	NOUN
ན་	ལ་	PART
། །		PUNCT
སྣ་ཚོགས་	སྣ་ཚོགས་	DET
མེ་འོད་	མེ་འོད་	NO_POS
བདུད་འདུལ་	བདུད་འདུལ་	OTHER
མ་	མ་	PART
། །		PUNCT
རྟོག་	རྟོག་	VERB
མེད་	མེད་	VERB
མགོ་	མགོ་	NOUN
ཕྲེང་	ཕྲེང་	OTHER
ཅན་	ཅན་	PART
ལ་	ལ་	PART
བསྟོད་	བསྟོད་	VERB
། །		PUNCT
གཡའ་	གཡའ་	NOUN
ན་	ལ་	PART
དམ་ཉམས་	དམ་ཉམས་	NO_POS
སྲོག་གཅོད་	སྲོག་གཅོད་	NOUN
གྲི་	གྲི་	NOUN
། །		PUNCT
གཡོན་	གཡོན་	NOUN
ན་	ལ་	PART
བདུད་རྩི་	བདུད་རྩི་	NOUN
ཀ་པཱ་ལ་	ཀ་པཱ་ལ་	NOUN
། །		PUNCT
རིགས་	རིགས་	NOUN
སྟོང་	སྟོང་	NUM
རིགས་	རིགས་	NOUN
ལྔ་	ལྔ་	NUM
འི་	གི་	PART
དབུ་རྒྱན་	དབུ་རྒྱན་	NOUN
ཅན་	ཅན་	PART
། །		PUNCT
ལྷ་	ལྷ་	NOUN
ཡི་	གི་	PART
ལྷ་	ལྷ་	NOUN
ལ་	ལ་	PART
ཕྱག་	ཕྱག་	NOUN
འཚལ་	འཚལ་	VERB
བསྟོད་	བསྟོད་	VERB
། །		PUNCT
བདེ་སྟོང་	བདེ་སྟོང་	NOUN
བླ་མ་	བླ་མ་	NOUN
ཡིད་བཞིན་	ཡིད་བཞིན་	OTHER
གྱི་	གི་	PART
། །		PUNCT
ནོར་བུ་	ནོར་བུ་	NOUN
གཙུག་	གཙུག་	NOUN
གི་	གི་	PART
རྒྱན་	རྒྱན་	NOUN
ལྡན་	ལྡན་	VERB
མ་	མ་	PART
། །		PUNCT
དུས་གསུམ་	དུས་གསུམ་	OTHER
སངས་རྒྱས་	སངས་རྒྱས་	NOUN
ཐམས་ཅད་	ཐམས་ཅད་	DET
ཀྱི་	གི་	PART
། །		PUNCT
ཡུམ་	ཡུམ་	NOUN
གྱུར་	གྱུར་	VERB
མ་ལ་	མ་ལ་	INTJ
ཕྱག་	ཕྱག་	NOUN
འཚལ་	འཚལ་	VERB
བསྟོད་	བསྟོད་	VERB
།		PUNCT
ཅེས་	ཅེས་	PART
བསྟོད་	བསྟོད་	VERB
དོ་	གོ་	PART
། །		PUNCT
མ་	མ་	PART
འབྱོར་པ་	འབྱོར་པ་	NOUN
དང་	དང་	NO_POS
ཉམས་པ་	ཉམས་པ་	VERB
དང་	དང་	NO_POS
། །		PUNCT
གང་ཡང་	གང་ཡང་	NO_POS
བདག་	བདག་	PRON
རྨོངས་བློ་	རྨོངས་བློ་	NO_POS
ཡི་	གིས་	PART
ནི་	ནི་	NO_POS
། །		PUNCT
བགྱིས་པ་	བགྱིས་པ་	VERB
དང་	དང་	NO_POS
ནི་	ནི་	NO_POS
བགྱིད་	བགྱིད་	NO_POS
སྩལ་པ་	སྩལ་པ་	VERB
། །		PUNCT
དེ་	སྟེ་	PART
ཀུན་	ཀུན་	DET
མགོན་	མགོན་	NOUN
ལ་	ལ་	PART
བཟོད་པ་	བཟོད་པ་	VERB
ར་	ལ་	PART
གསོལ་	གསོལ་	VERB
། །		PUNCT
གང་ཡང་	གང་ཡང་	NO_POS
བདག་	བདག་	PRON
བློ་	བློ་	NOUN
རྨོངས་	རྨོངས་	VERB
གྱུར་པ་	གྱུར་པ་	VERB
ས་	གིས་	PART
། །		PUNCT
ལེགས་སྤྱད་	ལེགས་སྤྱད་	NO_POS
འདི་	འདི་	DET
ལ་ཉེ་	ལ་ཉེ་	NO_POS
ས་	གིས་	PART
གྱུར་	གྱུར་	VERB
གང་	གང་	NO_POS
། །		PUNCT
གང་	གང་	NO_POS
ཕྱི་	ཕྱི་	OTHER
ལུས་ཅན་	ལུས་ཅན་	NOUN
སྐྱབས་	སྐྱབས་	NOUN
ཡིན་	ཡིན་	NO_POS
ཕྱི་	ཕྱི་	OTHER
། །		PUNCT
དེ་	སྟེ་	PART
ཀུན་	ཀུན་	DET
མགོན་	མགོན་	NOUN
ཁྱོད་	ཁྱོད་	PRON
བཟོད་པ་	བཟོད་པ་	VERB
ར་	ལ་	PART
གསོལ་	གསོལ་	VERB
། །		PUNCT
རྫོགས་	རྫོགས་	VERB
སངས་རྒྱས་	སངས་རྒྱས་	NOUN
དང་	དང་	NO_POS
ལྷ་	ལྷ་	NOUN
རྣམས་	རྣམས་	DET
དང་	དང་	NO_POS
། །		PUNCT
དེ་	སྟེ་	PART
སྲ་	སྲ་	NOUN
རྣམས་	རྣམས་	DET
དང་	དང་	NO_POS
ཚངས་	ཚངས་	VERB
ལ་སོགས་	ལ་སོགས་	NO_POS
། །		PUNCT
འཇིག་རྟེན་	འཇིག་རྟེན་	NOUN
སྐྱོང་	སྐྱོང་	VERB
རྣམས་	རྣམས་	DET
ཆོ་ག་	ཆོ་ག་	NOUN
འདི་	འདི་	DET
འི་	གི་	PART
། །		PUNCT
མ་ཚང་བ་	མ་ཚང་བ་	NO_POS
དག་	དག་	DET
བཟོད་པ་	བཟོད་པ་	VERB
ར་	ལ་	PART
མཛོད་	མཛོད་	NOUN
།		PUNCT
ཅེས་	ཅེས་	PART
དང་	དང་	NO_POS
།		PUNCT
ཡི་གེ་	ཡི་གེ་	NOUN
བརྒྱ་པ་	བརྒྱ་པ་	NUM
བརྗོད་པ་	བརྗོད་པ་	VERB
ས་	གིས་	PART
ལྷག་ཆད་	ལྷག་ཆད་	NOUN
ནོར་འཁྲུལ་	ནོར་འཁྲུལ་	NOUN
ལ་སོགས་པ་	ལ་སོགས་པ་	NO_POS
རྣམས་	རྣམས་	DET
བཟོད་པ་	བཟོད་པ་	VERB
ར་	ལ་	PART
གསོལ་	གསོལ་	VERB
ཏེ་	སྟེ་	PART
།		PUNCT
ཐལ་མོ་	ཐལ་མོ་	NOUN
སྦྱར་བ་	སྦྱར་བ་	VERB
ས་	གིས་	PART
འདོད་པ་	འདོད་པ་	VERB
འི་	གི་	PART
དོན་	དོན་	NOUN
ལ་	ལ་	PART
གསོལ་བ་	གསོལ་བ་	VERB
བཏབ་	བཏབ་	VERB
ཅིང་	ཅིང་	PART
།		PUNCT
ལྷ་མོ་	ལྷ་མོ་	NOUN
ཚད་མ་	ཚད་མ་	NOUN
དམ་ཚིག་	དམ་ཚིག་	NOUN
ཚད་མ་	ཚད་མ་	NOUN
དང་	དང་	NO_POS
། །		PUNCT
དེ་	དེ་	DET
ས་	གིས་	PART
གསུངས་	གསུངས་	VERB
ཚིག་	ཚིག་	NOUN
ཀྱང་	ཀྱང་	PART
མཆོག་	མཆོག་	ADJ
ཏུ་	ལ་	PART
ཚད་མ་	ཚད་མ་	NOUN
སྟེ་	སྟེ་	PART
། །		PUNCT
བདེན་པ་	བདེན་པ་	VERB
དེ་	སྟེ་	PART
ཡི་	གིས་	PART
ལྷ་མོ་	ལྷ་མོ་	NOUN
མཆོག་	མཆོག་	ADJ
གིས་	གིས་	PART
ནི་	ནི་	NO_POS
། །		PUNCT
བདག་	བདག་	PRON
ལ་	ལ་	PART
རྗེས་སུ་	རྗེས་སུ་	OTHER
འཛིན་པ་	འཛིན་པ་	VERB
འི་	གི་	PART
རྒྱུ་	རྒྱུ་	NOUN
ར་	ལ་	PART
གྱུར་ཅིག་	གྱུར་ཅིག་	NO_POS
།		PUNCT
རིགས་	རིགས་	NOUN
སུ་	ལ་	PART
སྐྱེ་	སྐྱེ་	NOUN
དང་	དང་	NO_POS
དམ་ཚིག་	དམ་ཚིག་	NOUN
ཅན་	ཅན་	PART
། །		PUNCT
སྨྱོ་	སྨྱོ་	NO_POS
མེད་	མེད་	VERB
ཀྱཻ་		NON_WORD
ཡི་	གི་	PART
རྡོ་རྗེ་	རྡོ་རྗེ་	NOUN
སྟོན་	སྟོན་	VERB
། །		PUNCT
བླ་མ་	བླ་མ་	NOUN
ལ་	ལ་	PART
གུ་	གུ་	VERB
སྙིང་རྗེ་	སྙིང་རྗེ་	NOUN
ལྡན་	ལྡན་	VERB
། །		PUNCT
སྐྱེ་	སྐྱེ་	NOUN
ཞིང་	ཅིང་	PART
སྐྱེ་བ་	སྐྱེ་བ་	VERB
ར་	ལ་	PART
འགྱུར་བ་	འགྱུར་བ་	VERB
ར་	ལ་	PART
ཤོག་	ཤོག་	VERB
།		PUNCT
ལག་པ་	ལག་པ་	NOUN
ས་	གིས་	PART
རྡོ་རྗེ་	རྡོ་རྗེ་	NOUN
དྲིལ་བུ་	དྲིལ་བུ་	NOUN
འཁྲོལ་	འཁྲོལ་	NO_POS
། །		PUNCT
ཟབ་མོ་	ཟབ་མོ་	ADJ
འི་	གི་	PART
ཆོ་	ཆོ་	NOUN
ནི་	ནི་	NO_POS
ཀློག་པ་	ཀློག་པ་	VERB
དང་	དང་	NO_POS
། །		PUNCT
བཙུན་མོ་	བཙུན་མོ་	NOUN
འི་	གི་	PART
ཤུ་ཀྲ་	ཤུ་ཀྲ་	NO_POS
མཉམ་ཟ་	མཉམ་ཟ་	NO_POS
ས་	གིས་	PART
ཅན་	ཅན་	PART
། །		PUNCT
སྐྱེ་	སྐྱེ་	NOUN
ཞིང་	ཅིང་	PART
སྐྱེ་བ་	སྐྱེ་བ་	VERB
ར་	ལ་	PART
འགྱུར་བ་	འགྱུར་བ་	VERB
ར་	ལ་	PART
ཤོག་	ཤོག་	VERB
།		PUNCT
སེམས་ཅན་	སེམས་ཅན་	NOUN
ཐམས་ཅད་	ཐམས་ཅད་	DET
སྡིག་	སྡིག་	NOUN
མེད་	མེད་	VERB
ཅིང་	ཅིང་	PART
། །		PUNCT
སེམས་ཅན་	སེམས་ཅན་	NOUN
ཐམས་ཅད་	ཐམས་ཅད་	DET
བདེ་	བདེ་	VERB
གྱུར་ཅིག་	གྱུར་ཅིག་	NO_POS
།		PUNCT
གང་	གང་	NO_POS
གི་	གི་	PART
ལམ་	གམ་	PART
ན་	ནས་	PART
འགྲོ་བ་	འགྲོ་བ་	VERB
ཡི་	གི་	PART
། །		PUNCT
སངས་རྒྱས་	སངས་རྒྱས་	NOUN
ཉིད་	ཉིད་	DET
དང་	དང་	NO_POS
འཕྲད་པ་	འཕྲད་པ་	VERB
ར་	ལ་	PART
ཤོག་	ཤོག་	VERB
།		PUNCT
མ་	མ་	PART
བརྒལ་བ་	བརྒལ་བ་	VERB
རྣམས་	རྣམས་	DET
བསྒྲལ་བ་	བསྒྲལ་བ་	VERB
དང་	དང་	NO_POS
། །		PUNCT
མ་	མ་	PART
གྲོལ་བ་	གྲོལ་བ་	VERB
རྣམས་	རྣམས་	DET
བདག་	བདག་	PRON
གིས་	གིས་	PART
གྲོལ་	གྲོལ་	VERB
། །		PUNCT
ད་ལྟ་	ད་ལྟ་	OTHER
ཉིད་	ཉིད་	DET
དུ་	ལ་	PART
རྗེས་	རྗེས་	NOUN
བརྩེ་བ་	བརྩེ་བ་	VERB
ས་	གིས་	PART
། །		PUNCT
རྣལ་འབྱོར་	རྣལ་འབྱོར་	NOUN
བསྟན་བཅོས་	བསྟན་བཅོས་	NOUN
གནས་	གནས་	NOUN
ལ་	ལ་	PART
འགོད་	འགོད་	NO_POS
། །		PUNCT
ཅེས་	ཅེས་	PART
སྨོན་	སྨོན་	VERB
བཏབ་བོ་	བཏབ་བོ་	VERB
།		PUNCT
དེ་ནས་	དེ་ནས་	NO_POS
གཤེགས་	གཤེགས་	VERB
སུ་	ལ་	PART
གསོལ་བ་	གསོལ་བ་	VERB
ནི་	ནི་	NO_POS
།		PUNCT
ཨོཾ་	ཨོཾ་	X
ཁྱེད་	ཁྱེད་	PRON
ཀྱི་	གི་	PART
སེམས་ཅན་	སེམས་ཅན་	NOUN
དོན་	དོན་	NOUN
ཀུན་	ཀུན་	DET
མཛད་	མཛད་	VERB
། །		PUNCT
རྗེས་སུ་	རྗེས་སུ་	OTHER
མཐུན་པ་	མཐུན་པ་	VERB
འི་	གི་	PART
དངོས་གྲུབ་	དངོས་གྲུབ་	NOUN
སྩོལ་	སྩོལ་	VERB
། །		PUNCT
སངས་རྒྱས་	སངས་རྒྱས་	NOUN
ཞིང་	ཅིང་	PART
དུ་	ལ་	PART
གཤེགས་	གཤེགས་	VERB
སུ་	ལ་	PART
གསོལ་	གསོལ་	VERB
། །		PUNCT
སངས་རྒྱས་	སངས་རྒྱས་	NOUN
ཞིང་	ཅིང་	PART
དུ་	ལ་	PART
གཤེགས་	གཤེགས་	VERB
ན་	ནས་	PART
ཀྱང་	ཀྱང་	PART
། །		PUNCT
སེམས་ཅན་	སེམས་ཅན་	NOUN
རྣམས་	རྣམས་	DET
ཀྱི་	གི་	PART
དོན་	དོན་	NOUN
སླད་	སླད་	NOUN
དུ་	ལ་	PART
། །		PUNCT
སླར་ཡང་	སླར་ཡང་	OTHER
འབྱོན་པ་	འབྱོན་པ་	VERB
ར་	ལ་	PART
མཛད་	མཛད་	VERB
དུ་	ལ་	PART
གསོལ་	གསོལ་	VERB
། །		PUNCT
ཨོཾ་	ཨོཾ་	X
བཛྲ་	བཛྲ་	NO_POS
ཝཱརཱ་		NON_WORD
ཧཱི་		NON_WORD
བཛྲ་	བཛྲ་	NO_POS
མུཿ་		NON_WORD
ཞེ་	ཅེས་	PART
ཡེ་ཤེས་པ་	ཡེ་ཤེས་པ་	NOUN
རྣམས་	རྣམས་	DET
རང་བཞིན་	རང་བཞིན་	NOUN
གྱི་	གི་	PART
གནས་	གནས་	NOUN
སུ་	ལ་	PART
གཤེགས་	གཤེགས་	VERB
ན་	ནས་	PART
དམ་ཚིག་པ་	དམ་ཚིག་པ་	NOUN
རྣམས་	རྣམས་	DET
རང་	རང་	PRON
གི་	གི་	PART
སྙིང་	སྙིང་	NOUN
གནས་	གནས་	NOUN
སུ་	ལ་	PART
།		PUNCT
ཨོཾ་	ཨོཾ་	X
ཨཱཿ་		NON_WORD
ཧཱུྃ་		NON_WORD
གིས་	གིས་	PART
བསྡུ་	བསྡུ་	VERB
།		PUNCT
མཆོད་སྦྱིན་	མཆོད་སྦྱིན་	NOUN
གནས་	གནས་	NOUN
འདི་	འདི་	DET
ར་	ལ་	PART
གང་	གང་	NO_POS
ལྷག་པ་	ལྷག་པ་	VERB
། །		PUNCT
འབྱུང་པོ་	འབྱུང་པོ་	NOUN
ས་འོག་	ས་འོག་	OTHER
རྒྱུ་བ་	རྒྱུ་བ་	VERB
དང་	དང་	NO_POS
། །		PUNCT
གང་ཡང་	གང་ཡང་	NO_POS
ས་སྟེང་	ས་སྟེང་	NOUN
གནས་པ་	གནས་པ་	VERB
དང་	དང་	NO_POS
། །		PUNCT
ས་བླ་	ས་བླ་	NOUN
ར་	ལ་	PART
རྒྱུ་བ་	རྒྱུ་བ་	VERB
གང་ཡིན་པ་	གང་ཡིན་པ་	NO_POS
། །		PUNCT
མགུ་བ་	མགུ་བ་	VERB
ར་	ལ་	PART
གྱིས་	གིས་	PART
ལ་	ལ་	PART
རང་གནས་	རང་གནས་	NOUN
སུ་	ལ་	PART
། །		PUNCT
ཐམས་ཅད་	ཐམས་ཅད་	DET
ཐ་དད་	ཐ་དད་	ADJ
འགྲོ་བ་	འགྲོ་བ་	VERB
ར་	ལ་	PART
གྱིས་	གིས་	PART
།		PUNCT
སརྦ་	སརྦ་	NO_POS
བྷུ་		NON_WORD
ཏ་	ཏ་	OTHER
གཙྪ་		NON_WORD
། །		PUNCT
དཀོན་མཆོག་	དཀོན་མཆོག་	NOUN
རིན་ཆེན་	རིན་ཆེན་	OTHER
གསུམ་	གསུམ་	NUM
ལ་	ལ་	PART
ཕྱག་	ཕྱག་	NOUN
འཚལ་	འཚལ་	VERB
ལོ་	གོ་	PART
། །		PUNCT
དགེ་བ་	དགེ་བ་	VERB
འདི་	འདི་	DET
ཡི་	གིས་	PART
ཉེ་བ་		
མཚོན་	མཚོན་	NOUN
ན་	ནས་	PART
ནི་	ནི་	NO_POS
། །		PUNCT
སེམས་ཅན་	སེམས་ཅན་	NOUN
རྣམས་	རྣམས་	DET
ཀྱིས་	གིས་	PART
དུས་གསུམ་	དུས་གསུམ་	OTHER
བསགས་པ་	བསགས་པ་	VERB
ཡི་	གི་	PART
། །		PUNCT
ཟག་བཅས་	ཟག་བཅས་	NOUN
ཟག་མེད་	ཟག་མེད་	ADJ
ཟུང་འཇུག་	ཟུང་འཇུག་	NOUN
དགེ་བ་	དགེ་བ་	VERB
རྣམས་	རྣམས་	DET
། །		PUNCT
བླ་མེད་	བླ་མེད་	ADJ
བྱང་ཆུབ་	བྱང་ཆུབ་	NOUN
ཆེན་པོ་	ཆེན་པོ་	ADJ
ར་	ལ་	PART
བསྔོ་བ་	བསྔོ་བ་	VERB
ར་	ལ་	PART
བགྱི་	བགྱི་	VERB
། །		PUNCT
འགྲོ་	འགྲོ་	VERB
ཀུན་	ཀུན་	DET
ཐམས་ཅད་	ཐམས་ཅད་	DET
མཁྱེན་པ་	མཁྱེན་པ་	VERB
ཐོབ་པ་	ཐོབ་པ་	VERB
ར་	ལ་	PART
ཤོག་	ཤོག་	VERB
།		PUNCT
ཆོས་དབྱིངས་	ཆོས་དབྱིངས་	NOUN
བྱང་ཆུབ་	བྱང་ཆུབ་	NOUN
སེམས་	སེམས་	NOUN
ཀྱི་	གི་	PART
དཀྱིལ་འཁོར་	དཀྱིལ་འཁོར་	NOUN
དུ་	ལ་	PART
། །		PUNCT
བདག་	བདག་	PRON
སོགས་	སོགས་	DET
སེམས་ཅན་	སེམས་ཅན་	NOUN
ཐམས་ཅད་	ཐམས་ཅད་	DET
ཀྱིས་	གིས་	PART
། །		PUNCT
དུས་གསུམ་	དུས་གསུམ་	OTHER
བསགས་	བསགས་	VERB
དང་	དང་	NO_POS
རྟོགས་པ་	རྟོགས་པ་	VERB
ཡི་	གིས་	PART
། །		PUNCT
འགྲོ་	འགྲོ་	VERB
དྲུག་	དྲུག་	NUM
སེམས་ཅན་	སེམས་ཅན་	NOUN
མ་ལུས་པ་	མ་ལུས་པ་	OTHER
། །		PUNCT
སྐུ་ལྔ་	སྐུ་ལྔ་	OTHER
ཡོངས་རྫོགས་	ཡོངས་རྫོགས་	OTHER
སངས་རྒྱས་	སངས་རྒྱས་	NOUN
ཐོབ་པ་	ཐོབ་པ་	VERB
ར་	ལ་	PART
ཤོག་	ཤོག་	VERB
ཨོཾ་	ཨོཾ་	X
ཨ་	ཨ་	X
ཀཱ་	ཀཱ་	NO_POS
རོ་	རོ་	NOUN
མུ་	མུ་	NOUN
ཁཾ་		NON_WORD
སརྦ་	སརྦ་	NO_POS
དྷརྨཱ་		NON_WORD
ཎཱཾ་		NON_WORD
ཨཱདྱ་		NON_WORD
ནུཏྤནྣ་		NON_WORD
ཏཱཏྭ་		NON_WORD
ཨོཾ་	ཨོཾ་	X
ཨཱཿ་		NON_WORD
ཧཱུྃ་		NON_WORD
ཕཊ་		NON_WORD
སྭཱ་		NON_WORD
ཧཱ་		NON_WORD
།		PUNCT
མཆོད་	མཆོད་	VERB
སིལ་	སིལ་	NO_POS
རིང་བ་	རིང་བ་	VERB
འི་	གི་	PART
འོག་	འོག་	NOUN
རྡུལ་	རྡུལ་	NOUN
མཚོན་	མཚོན་	NOUN
བསྡུ་	བསྡུ་	VERB
གྲུབ་	གྲུབ་	VERB
ན་	ནས་	PART
།		PUNCT
སློབ་དཔོན་	སློབ་དཔོན་	NOUN
གྲལ་	གྲལ་	NOUN
དུ་	ལ་	PART
བཞུགས་	བཞུགས་	VERB
ལ་	ལ་	PART
།		PUNCT
བཀྲ་ཤིས་	བཀྲ་ཤིས་	NOUN
ནི་	ནི་	NO_POS
།		PUNCT
བཀའ་	བཀའ་	NOUN
བརྒྱུད་	བརྒྱུད་	NO_POS
བླ་མ་	བླ་མ་	NOUN
ས་	གིས་	PART
ལེགས་	ལེགས་	VERB
བྱིན་པ་	བྱིན་པ་	VERB
འི་	གི་	PART
། །		PUNCT
རྟག་	རྟག་	VERB
ཏུ་	ལ་	PART
ཡེ་ཤེས་	ཡེ་ཤེས་	NOUN
ཐུགས་རྗེ་	ཐུགས་རྗེ་	NOUN
ཡི་	གིས་	PART
། །		PUNCT
གཟིགས་	གཟིགས་	VERB
ཤིང་	ཅིང་	PART
ཆོས་སྐུ་	ཆོས་སྐུ་	NOUN
ངོ་སྤྲོད་པ་	ངོ་སྤྲོད་པ་	NOUN
འི་	གི་	PART
། །		PUNCT
བྱིན་	བྱིན་	VERB
བརླབས་	བརླབས་	NO_POS
མཆོག་	མཆོག་	ADJ
གི་	གི་	PART
བཀྲ་ཤིས་ཤོག་	བཀྲ་ཤིས་ཤོག་	NO_POS
།		PUNCT
རྡོ་རྗེ་	རྡོ་རྗེ་	NOUN
ཕག་མོ་	ཕག་མོ་	PROPN
ས་	གིས་	PART
ལེགས་	ལེགས་	VERB
བྱིན་པ་	བྱིན་པ་	VERB
འི་	གི་	PART
། །		PUNCT
གསང་སྔགས་	གསང་སྔགས་	NOUN
མཆོག་	མཆོག་	ADJ
གི་	གི་	PART
ཆོ་ག་	ཆོ་ག་	NOUN
ལ་	ལ་	PART
། །		PUNCT
ལུས་ངག་	ལུས་ངག་	NOUN
ཡིད་	ཡིད་	NOUN
གསུམ་	གསུམ་	NUM
མཐུ་	མཐུ་	NOUN
གྲུབ་པ་	གྲུབ་པ་	VERB
འི་	གི་	PART
། །		PUNCT
དངོས་གྲུབ་	དངོས་གྲུབ་	NOUN
མཆོག་	མཆོག་	ADJ
གི་	གི་	PART
བཀྲ་ཤིས་ཤོག་	བཀྲ་ཤིས་ཤོག་	NO_POS
།		PUNCT
རྡོ་རྗེ་	རྡོ་རྗེ་	NOUN
མཁའ་འགྲོ་	མཁའ་འགྲོ་	NOUN
ས་	གིས་	PART
ལེགས་	ལེགས་	VERB
བྱིན་པ་	བྱིན་པ་	VERB
འི་	གི་	PART
། །		PUNCT
སེམས་ཉིད་	སེམས་ཉིད་	NOUN
འོད་གསལ་	འོད་གསལ་	NOUN
འདུས་མ་བྱས་	འདུས་མ་བྱས་	NO_POS
། །		PUNCT
གཉིས་	གཉིས་	NUM
མེད་	མེད་	VERB
དཔེ་	དཔེ་	NOUN
བྲལ་	བྲལ་	VERB
དོན་	དོན་	NOUN
རྟོགས་པ་	རྟོགས་པ་	VERB
འི་	གི་	PART
། །		PUNCT
ཕྱག་རྒྱ་	ཕྱག་རྒྱ་	NOUN
ཆེན་པོ་	ཆེན་པོ་	ADJ
འི་	གི་	PART
བཀྲ་ཤིས་ཤོག་	བཀྲ་ཤིས་ཤོག་	NO_POS
།		PUNCT
སངས་རྒྱས་	སངས་རྒྱས་	NOUN
མཁའ་འགྲོ་	མཁའ་འགྲོ་	NOUN
ས་	གིས་	PART
ལེགས་	ལེགས་	VERB
བྱིན་པ་	བྱིན་པ་	VERB
འི་	གི་	PART
། །		PUNCT
ཆོ་	ཆོ་	NOUN
རྣམས་	རྣམས་	DET
རང་བཞིན་	རང་བཞིན་	NOUN
རང་	རང་	PRON
གི་	གི་	PART
སེམས་	སེམས་	NOUN
། །		PUNCT
རྒྱུད་	རྒྱུད་	NOUN
འདི་	འདི་	DET
ཆོ་	ཆོ་	NOUN
ཀྱིས་	གིས་	PART
མ་	མ་	PART
བཅིངས་པ་	བཅིངས་པ་	VERB
འི་	གི་	PART
། །		PUNCT
ཆོ་	ཆོ་	NOUN
ཀྱི་	གི་	PART
ཕྱག་རྒྱ་	ཕྱག་རྒྱ་	NOUN
འི་	གི་	PART
བཀྲ་ཤིས་ཤོག་	བཀྲ་ཤིས་ཤོག་	NO_POS
།		PUNCT
རིན་ཆེན་	རིན་ཆེན་	OTHER
མཁའ་འགྲོ་	མཁའ་འགྲོ་	NOUN
ས་	གིས་	PART
ལེགས་	ལེགས་	VERB
བྱིན་པ་	བྱིན་པ་	VERB
འི་	གི་	PART
། །		PUNCT
ཡོན་ཏན་	ཡོན་ཏན་	NOUN
དཔག་	དཔག་	VERB
ཏུ་	ལ་	PART
མེད་པ་	མེད་པ་	VERB
ས་	གིས་	PART
བརྒྱན་	བརྒྱན་	VERB
། །		PUNCT
ནད་	ནད་	NOUN
དང་	དང་	NO_POS
གདོན་	གདོན་	NOUN
ལ་	ལ་	ADP
ས་	གིས་	PART
ཐར་བ་	ཐར་བ་	VERB
ཡི་	གི་	PART
། །		PUNCT
བསམ་པ་	བསམ་པ་	VERB
འགྲུབ་པ་	འགྲུབ་པ་	VERB
འི་	གི་	PART
བཀྲ་ཤིས་ཤོག་	བཀྲ་ཤིས་ཤོག་	NO_POS
།		PUNCT
པདྨ་	པདྨ་	NOUN
མཁའ་འགྲོ་	མཁའ་འགྲོ་	NOUN
ས་	གིས་	PART
ལེགས་	ལེགས་	VERB
བྱིན་པ་	བྱིན་པ་	VERB
འི་	གི་	PART
། །		PUNCT
ཐབས་	ཐབས་	NOUN
དང་	དང་	NO_POS
ཤེས་རབ་	ཤེས་རབ་	NOUN
གཉིས་	གཉིས་	NUM
མེད་	མེད་	VERB
སྦྱོར་	སྦྱོར་	VERB
། །		PUNCT
བདེ་ཆེན་	བདེ་ཆེན་	NOUN
ཡེ་ཤེས་	ཡེ་ཤེས་	NOUN
ཐབས་	ཐབས་	NOUN
ཀྱི་	གི་	PART
མཆོག་	མཆོག་	ADJ
།		PUNCT
གསང་བ་	གསང་བ་	VERB
ཤེས་རབ་	ཤེས་རབ་	NOUN
བཀྲ་ཤིས་ཤོག་	བཀྲ་ཤིས་ཤོག་	NO_POS
།		PUNCT
ལ་	ལ་	ADP
ས་	གིས་	PART
ཀྱི་	གི་	PART
མཁའ་འགྲོ་	མཁའ་འགྲོ་	NOUN
ས་	གིས་	PART
ལེགས་	ལེགས་	VERB
བྱིན་པ་	བྱིན་པ་	VERB
འི་	གི་	PART
། །		PUNCT
རྣལ་འབྱོར་	རྣལ་འབྱོར་	NOUN
དམ་ཚིག་	དམ་ཚིག་	NOUN
ལྡན་པ་	ལྡན་པ་	VERB
ལ་	ལ་	PART
། །		PUNCT
ཞི་	ཞི་	VERB
དང་	དང་	NO_POS
རྒྱ་	རྒྱ་	VERB
ལ་སོགས་པ་	ལ་སོགས་པ་	NO_POS
ཡི་	གི་	PART
། །		PUNCT
ལ་	ལ་	ADP
ས་	གིས་	PART
རྣམས་	རྣམས་	DET
འགྲུབ་པ་	འགྲུབ་པ་	VERB
འི་	གི་	PART
བཀྲ་ཤིས་ཤོག་	བཀྲ་ཤིས་ཤོག་	NO_POS
།		PUNCT
འཇིག་རྟེན་	འཇིག་རྟེན་	NOUN
མཁའ་འགྲོ་	མཁའ་འགྲོ་	NOUN
ས་	གིས་	PART
ལེགས་	ལེགས་	VERB
བྱིན་པ་	བྱིན་པ་	VERB
འི་	གི་	PART
། །		PUNCT
འགྲོ་བ་	འགྲོ་བ་	VERB
འི་	གི་	PART
བསམ་པ་	བསམ་པ་	VERB
རབ་	རབ་	ADV
ཤེ་	ཤེ་	VERB
ན་	ནས་	PART
། །		PUNCT
ཐབས་	ཐབས་	NOUN
རྣམས་	རྣམས་	DET
དུ་མ་	དུ་མ་	ADJ
ས་	གིས་	PART
འདུལ་	འདུལ་	NO_POS
མཛད་པ་	མཛད་པ་	VERB
། །		PUNCT
མངོན་ཤེས་	མངོན་ཤེས་	NOUN
དྲུག་	དྲུག་	NUM
ལྡན་	ལྡན་	VERB
བཀྲ་ཤིས་ཤོག་	བཀྲ་ཤིས་ཤོག་	NO_POS
།		PUNCT
དཔའ་བོ་	དཔའ་བོ་	NOUN
རྣམས་	རྣམས་	DET
ཀྱིས་	གིས་	PART
ལེགས་	ལེགས་	VERB
བྱིན་པ་	བྱིན་པ་	VERB
འི་	གི་	PART
། །		PUNCT
རྡོ་རྗེ་	རྡོ་རྗེ་	NOUN
གསུམ་	གསུམ་	NUM
གྱི་	གི་	PART
འོད་ཟེར་	འོད་ཟེར་	NOUN
གྱིས་	གིས་	PART
། །		PUNCT
བགེགས་	བགེགས་	NOUN
རིགས་	རིགས་	NOUN
སྟོང་ཕྲག་	སྟོང་ཕྲག་	OTHER
ཞི་བ་	ཞི་བ་	VERB
དང་	དང་	NO_POS
། །		PUNCT
སྐུ་གསུང་ཐུགས་	སྐུ་གསུང་ཐུགས་	NOUN
ཀྱི་	གི་	PART
བཀྲ་ཤིས་ཤོག་	བཀྲ་ཤིས་ཤོག་	NO_POS
།		PUNCT
ལྷ་མོ་	ལྷ་མོ་	NOUN
རྣམས་	རྣམས་	DET
ཀྱིས་	གིས་	PART
ལེགས་	ལེགས་	VERB
བྱིན་པ་	བྱིན་པ་	VERB
འི་	གི་	PART
། །		PUNCT
འབྱུང་བ་	འབྱུང་བ་	VERB
ལྔ་	ལྔ་	NUM
ཡི་	གི་	PART
སྤྲོ་	སྤྲོ་	NO_POS
བསྡུ་	བསྡུ་	VERB
ཡི་	གིས་	PART
། །		PUNCT
བདེ་བ་	བདེ་བ་	VERB
ར་	ལ་	PART
གཤེགས་པ་	གཤེགས་པ་	VERB
མཉེས་	མཉེས་	VERB
མཛད་པ་	མཛད་པ་	VERB
འི་	གི་	PART
། །		PUNCT
ཡང་དག་	ཡང་དག་	ADJ
མཆོད་པ་	མཆོད་པ་	VERB
འི་	གི་	PART
བཀྲ་ཤིས་ཤོག་	བཀྲ་ཤིས་ཤོག་	NO_POS
།		PUNCT
ཆོས་སྐྱོང་	ཆོས་སྐྱོང་	NOUN
རྣམས་	རྣམས་	DET
ཀྱིས་	གིས་	PART
ལེགས་	ལེགས་	VERB
བྱིན་པ་	བྱིན་པ་	VERB
འི་	གི་	PART
། །		PUNCT
འཁོར་	འཁོར་	NOUN
བཟང་	བཟང་	VERB
ལོངས་སྤྱོད་	ལོངས་སྤྱོད་	NOUN
ལྡན་པ་	ལྡན་པ་	VERB
དང་	དང་	NO_POS
། །		PUNCT
ནད་	ནད་	NOUN
དང་	དང་	NO_POS
གདོན་	གདོན་	NOUN
ལ་	ལ་	ADP
ས་	གིས་	PART
ཐར་བ་	ཐར་བ་	VERB
ཡི་	གི་	PART
། །		PUNCT
བར་ཆད་	བར་ཆད་	NOUN
མེད་པ་	མེད་པ་	VERB
འི་	གི་	PART
བཀྲ་ཤིས་ཤོག་	བཀྲ་ཤིས་ཤོག་	NO_POS
།		PUNCT
བཀྲ་ཤིས་	བཀྲ་ཤིས་	NOUN
ནི་	ནི་	NO_POS
།		PUNCT
བསྟན་པ་	བསྟན་པ་	VERB
འི་	གི་	PART
དཔལ་	དཔལ་	OTHER
གྱུར་	གྱུར་	VERB
བླ་མ་	བླ་མ་	NOUN
འི་	གི་	PART
ཞབས་པད་	ཞབས་པད་	NOUN
བརྟན་	བརྟན་	VERB
། །		PUNCT
བསྟན་འཛིན་	བསྟན་འཛིན་	NOUN
སྐྱེས་བུ་	སྐྱེས་བུ་	NOUN
འི་	གི་	PART
ས་སྟེང་	ས་སྟེང་	NOUN
ཡོང་	ཡོང་	NO_POS
ལ་	ལ་	PART
ཁྱབ་	ཁྱབ་	VERB
། །		PUNCT
བསྟན་པ་	བསྟན་པ་	VERB
འི་	གི་	PART
སྦྱིན་བདག་	སྦྱིན་བདག་	NOUN
མངའ་ཐང་	མངའ་ཐང་	NOUN
འབྱོར་བ་	འབྱོར་བ་	VERB
རྒྱ་	རྒྱ་	VERB
། །		PUNCT
བསྟན་པ་	བསྟན་པ་	VERB
ཡུན་རིང་	ཡུན་རིང་	NOUN
གནས་པ་	གནས་པ་	VERB
འི་	གི་	PART
བཀྲ་ཤིས་ཤོག་	བཀྲ་ཤིས་ཤོག་	NO_POS
།		PUNCT
བདེན་པ་	བདེན་པ་	VERB
གྲུབ་	གྲུབ་	VERB
ཅིང་	ཅིང་	PART
སོགས་	སོགས་	DET
སམ་	གམ་	PART
ཡང་ན་	ཡང་ན་	NO_POS
། །		PUNCT
ཆོས་དབྱིངས་	ཆོས་དབྱིངས་	NOUN
བྱང་ཆུབ་	བྱང་ཆུབ་	NOUN
སོགས་	སོགས་	DET
སོ་	གོ་	PART
།། །། ༈		PUNCT
ཀརྨ་	ཀརྨ་	NO_POS
ལེགས་བཤད་	ལེགས་བཤད་	NOUN
གླིང་	གླིང་	NOUN
གི་	གི་	PART
བཤད་གྲྭ་	བཤད་གྲྭ་	OTHER
རུ་	ལ་	PART
། །		PUNCT
བླ་མ་	བླ་མ་	NOUN
བསོད་ནམས་	བསོད་ནམས་	NOUN
རབ་	རབ་	ADV
རྒྱ་	རྒྱ་	VERB
ཞེ་	ཅེས་	PART
བྱ་བ་	བྱ་བ་	VERB
ས་	གིས་	PART
། །		PUNCT
གཞན་ཕན་	གཞན་ཕན་	OTHER
ལྷག་བསམ་	ལྷག་བསམ་	NOUN
བཟང་པོ་	བཟང་པོ་	ADJ
འི་	གི་	PART
མཐུ་	མཐུ་	NOUN
ས་	གིས་	PART
བསྐྱེད་	བསྐྱེད་	VERB
ཀྱིས་	གིས་	PART
། །		PUNCT
སྤ་	སྤ་	NOUN
དུ་	ལ་	PART
བསྒྲུབས་	བསྒྲུབས་	VERB
དགེ་	དགེ་	NOUN
ས་	གིས་	PART
འགྲོ་	འགྲོ་	VERB
ཀུན་	ཀུན་	DET
འཚང་	འཚང་	VERB
རྒྱ་ཤོག་	རྒྱ་ཤོག་	NO_POS
།		PUNCT
སརྦ་	སརྦ་	NO_POS
མངྒ་		NON_WORD
ལཾ་		NON_WORD
།		PUNCT
དགེ་ལེགས་	དགེ་ལེགས་	OTHER
འཕེལ་	འཕེལ་	VERB
།		PUNCT
